gloss,l1,w1,cc1,l2,w2,cc2,feature1,feature2,feature3,feature4,feature5,feature6,lexstat_simAA,lexstat_simBB,lexstat_simAB,feature7,target,db
tongue,BUNU,kant~la,1,HMONG_NJUA,mp~lai,1,-3.4356272738,0.2463295269,1.4010850991,2.4091249882,0.8792636061,3.6666666667,54.9773008301,53.4889454290,7.8161170975,0.1556387034,1,miao_yao
tongue,BUNU,kant~la,1,HMU,qani,1,0.1112077283,0.0453400504,3.0935645228,2.0381907471,0.7120625257,3.6666666667,54.9773008301,33.5002774637,13.2196924941,0.1556387034,1,miao_yao
tongue,BUNU,kant~la,1,SHE_CHINA,pi,1,-14.0846062306,0.9874055416,0.0126744409,1.3750164021,0.3184656598,3.6666666667,54.9773008301,18.2104621534,0.0000000000,0.1556387034,1,miao_yao
tongue,BUNU,kant~la,1,XIANGXI_HMONG,qomy~a,1,-2.3820080196,0.1256117455,2.0745595141,1.8598904808,0.6205176047,3.6666666667,54.9773008301,49.0919511539,3.6202599826,0.1556387034,1,miao_yao
tongue,BUNU,kant~la,1,YAO,by~et,1,-11.5228003495,0.8774139379,0.1307764050,1.5801740653,0.4575350089,3.6666666667,54.9773008301,34.4960915562,0.0000000000,0.1556387034,1,miao_yao
tongue,HMONG_NJUA,mp~lai,1,HMU,qani,1,-2.0437933993,0.1390328152,1.9730452931,2.2160651411,0.7957331643,3.6666666667,53.0472194427,33.5002774637,5.2179747502,0.1556387034,1,miao_yao
tongue,HMONG_NJUA,mp~lai,1,SHE_CHINA,pi,1,-2.9438526008,0.1960276339,1.6294996407,1.7527489105,0.5611853615,3.6666666667,51.9081927390,18.2104621534,5.0695942723,0.1556387034,1,miao_yao
tongue,HMONG_NJUA,mp~lai,1,XIANGXI_HMONG,qomy~a,1,-3.9922004287,0.3221476510,1.1327452950,2.1722763134,0.7757756101,3.6666666667,61.0602281787,49.0919511539,11.4323363424,0.1556387034,1,miao_yao
tongue,HMONG_NJUA,mp~lai,1,YAO,by~et,1,-9.4845977615,0.7657735523,0.2668687766,1.6225418843,0.4839939839,3.6666666667,47.6064928853,34.4960915562,0.0000000000,0.1556387034,1,miao_yao
tongue,HMU,qani,1,SHE_CHINA,pi,1,-4.6536663217,0.2953736655,1.2195140615,1.8617727617,0.6215291315,3.6666666667,35.6217989938,18.2104621534,5.5695942723,0.1556387034,1,miao_yao
tongue,HMU,qani,1,XIANGXI_HMONG,qomy~a,1,-0.2997827410,0.0674157303,2.6968769005,2.6482712019,0.9739070505,3.6666666667,38.4482182772,49.0919511539,4.3329461594,0.1556387034,1,miao_yao
tongue,HMU,qani,1,YAO,by~et,1,-11.2947186749,0.9056939502,0.0990538333,1.4316038006,0.3587953547,3.6666666667,33.5185009017,34.4960915562,0.0000000000,0.1556387034,1,miao_yao
tongue,SHE_CHINA,pi,1,XIANGXI_HMONG,qomy~a,1,-7.7453815797,0.6683937824,0.4028777845,1.9779037438,0.6820375686,3.6666666667,20.6425066145,49.0919511539,0.0000000000,0.1556387034,1,miao_yao
tongue,SHE_CHINA,pi,1,YAO,by~et,1,-2.5234280285,0.1245551601,2.0830066078,1.7465279216,0.5576297723,3.6666666667,15.2079133459,34.4960915562,1.4582738736,0.1556387034,1,miao_yao
tongue,XIANGXI_HMONG,qomy~a,1,YAO,by~et,1,-9.8845112785,0.7936096718,0.2311635358,1.3873368046,0.3273859414,3.6666666667,41.0393043348,34.4960915562,5.1953929846,0.1556387034,1,miao_yao
I,BUNU,Tun,3,HMONG_NJUA,ko,2,-3.5862904178,0.2553017945,1.3653089260,2.4091249882,0.8792636061,2.3333333333,24.3141620328,14.7455799651,0.0000000000,0.7360776571,0,miao_yao
I,BUNU,Tun,3,HMU,vi,1,-8.3975569063,0.6540722082,0.4245375235,2.0381907471,0.7120625257,2.3333333333,24.3141620328,18.4908511969,0.0000000000,0.7360776571,0,miao_yao
I,BUNU,Tun,3,SHE_CHINA,vaN,1,-6.4154076674,0.5239294710,0.6463982010,1.3750164021,0.3184656598,2.3333333333,24.3141620328,27.9764629376,6.0989319895,0.7360776571,0,miao_yao
I,BUNU,Tun,3,XIANGXI_HMONG,we,1,-11.5222715648,0.9192495922,0.0841976025,1.8598904808,0.6205176047,2.3333333333,24.3141620328,20.0513759569,0.0000000000,0.7360776571,0,miao_yao
I,BUNU,Tun,3,YAO,ye,4,-6.8425774584,0.4391267842,0.8229671053,1.5801740653,0.4575350089,2.3333333333,24.3141620328,19.0169441173,0.0000000000,0.7360776571,0,miao_yao
I,HMONG_NJUA,ko,2,HMU,vi,1,-7.9569985192,0.6796200345,0.3862214097,2.2160651411,0.7957331643,2.3333333333,16.6736886262,18.4908511969,0.0000000000,0.7360776571,0,miao_yao
I,HMONG_NJUA,ko,2,SHE_CHINA,vaN,1,-7.9236716780,0.6960276339,0.3623659156,1.7527489105,0.5611853615,2.3333333333,15.6920249922,27.9764629376,0.0000000000,0.7360776571,0,miao_yao
I,HMONG_NJUA,ko,2,XIANGXI_HMONG,we,1,-3.3612063768,0.2667785235,1.3213364648,2.1722763134,0.7757756101,2.3333333333,13.8742295897,20.0513759569,0.0000000000,0.7360776571,0,miao_yao
I,HMONG_NJUA,ko,2,YAO,ye,4,-4.4401933761,0.2610198790,1.3431587098,1.6225418843,0.4839939839,2.3333333333,16.5363950381,19.0169441173,0.0000000000,0.7360776571,0,miao_yao
I,HMU,vi,1,SHE_CHINA,vaN,1,-0.7996159668,0.0596085409,2.8199564111,1.8617727617,0.6215291315,2.3333333333,22.2351375179,27.9764629376,12.4168685930,0.7360776571,1,miao_yao
I,HMU,vi,1,XIANGXI_HMONG,we,1,1.0394428750,0.0475367329,3.0462525420,2.6482712019,0.9739070505,2.3333333333,22.1517493851,20.0513759569,0.0000000000,0.7360776571,1,miao_yao
I,HMU,vi,1,YAO,ye,4,-5.0707697543,0.2758007117,1.2880767330,1.4316038006,0.3587953547,2.3333333333,19.2663061390,19.0169441173,0.0000000000,0.7360776571,0,miao_yao
I,SHE_CHINA,vaN,1,XIANGXI_HMONG,we,1,-1.8534985641,0.0837651123,2.4797386796,1.9779037438,0.6820375686,2.3333333333,31.8486542236,20.0513759569,0.0000000000,0.7360776571,1,miao_yao
I,SHE_CHINA,vaN,1,YAO,ye,4,-7.9637111935,0.5987544484,0.5129037008,1.7465279216,0.5576297723,2.3333333333,28.1727152167,19.0169441173,0.0000000000,0.7360776571,0,miao_yao
I,XIANGXI_HMONG,we,1,YAO,ye,4,-2.5414495897,0.1010362694,2.2922757233,1.3873368046,0.3273859414,2.3333333333,20.7502774506,19.0169441173,3.7653418591,0.7360776571,0,miao_yao
we,BUNU,pe,1,HMONG_NJUA,pe,1,5.5390079824,0.0040783034,5.5020742041,2.4091249882,0.8792636061,2.3333333333,19.2882557178,16.6854650643,5.2849066827,0.3350425236,1,miao_yao
we,BUNU,pe,1,HMU,pi,1,2.9429248835,0.0159529807,4.1381095902,2.0381907471,0.7120625257,2.3333333333,19.2882557178,17.4769161957,15.1557555855,0.3350425236,1,miao_yao
we,BUNU,pe,1,SHE_CHINA,pa,1,2.5430113665,0.0109151973,4.5175992119,1.3750164021,0.3184656598,2.3333333333,19.2882557178,15.9985131843,3.5979423085,0.3350425236,1,miao_yao
we,BUNU,pe,1,XIANGXI_HMONG,p3,1,2.6431165348,0.0065252855,5.0320705748,1.8598904808,0.6205176047,2.3333333333,19.2882557178,16.6243349504,13.8773705756,0.3350425236,1,miao_yao
we,BUNU,pe,1,YAO,yebw~o,2,-5.2203894565,0.2795969773,1.2744060794,1.5801740653,0.4575350089,2.3333333333,19.2882557178,45.6795404513,0.0000000000,0.3350425236,0,miao_yao
we,HMONG_NJUA,pe,1,HMU,pi,1,2.9429248835,0.0146804836,4.2212363141,2.2160651411,0.7957331643,2.3333333333,17.4207189677,17.4769161957,9.0259960001,0.3350425236,1,miao_yao
we,HMONG_NJUA,pe,1,SHE_CHINA,pa,1,2.5430113665,0.0164075993,4.1100106790,1.7527489105,0.5611853615,2.3333333333,19.2243971546,15.9985131843,8.0921932286,0.3350425236,1,miao_yao
we,HMONG_NJUA,pe,1,XIANGXI_HMONG,p3,1,2.6431165348,0.0159395973,4.1389488685,2.1722763134,0.7757756101,2.3333333333,16.5847092902,16.6243349504,8.3844979167,0.3350425236,1,miao_yao
we,HMONG_NJUA,pe,1,YAO,yebw~o,2,-5.2203894565,0.3318928263,1.1029431746,1.6225418843,0.4839939839,2.3333333333,14.8069490660,45.6795404513,3.0148417910,0.3350425236,0,miao_yao
we,HMU,pi,1,SHE_CHINA,pa,1,0.6823459509,0.0275800712,3.5906618260,1.8617727617,0.6215291315,2.3333333333,18.2104621534,15.9985131843,8.0921932286,0.3350425236,1,miao_yao
we,HMU,pi,1,XIANGXI_HMONG,p3,1,2.2245492207,0.0233362143,3.7577488612,2.6482712019,0.9739070505,2.3333333333,20.6425066145,16.6243349504,8.3844979167,0.3350425236,1,miao_yao
we,HMU,pi,1,YAO,yebw~o,2,-6.8112263527,0.4644128114,0.7669814426,1.4316038006,0.3587953547,2.3333333333,15.2079133459,45.6795404513,0.6265499651,0.3350425236,0,miao_yao
we,SHE_CHINA,pa,1,XIANGXI_HMONG,p3,1,3.1763101005,0.0077720207,4.8572250808,1.9779037438,0.6820375686,2.3333333333,18.4236528879,16.6243349504,8.3844979167,0.3350425236,1,miao_yao
we,SHE_CHINA,pa,1,YAO,yebw~o,2,-4.3070469569,0.2446619217,1.4078779328,1.7465279216,0.5576297723,2.3333333333,13.4075338678,45.6795404513,0.6265499651,0.3350425236,0,miao_yao
we,XIANGXI_HMONG,p3,1,YAO,yebw~o,2,-4.1490586006,0.2072538860,1.5738107348,1.3873368046,0.3273859414,2.3333333333,19.2875507339,45.6795404513,0.6265499651,0.3350425236,0,miao_yao
you,BUNU,kau,2,HMONG_NJUA,kau,2,7.7751717211,0.0016313214,6.4183649359,2.4091249882,0.8792636061,2.8333333333,20.9662019904,23.0851012013,11.8877150026,0.4887090051,1,miao_yao
you,BUNU,kau,2,HMU,mon,1,-10.0142057795,0.8295549958,0.1868658716,2.0381907471,0.7120625257,2.8333333333,20.9662019904,29.7695459310,0.0000000000,0.4887090051,0,miao_yao
you,BUNU,kau,2,SHE_CHINA,muN,1,-7.5186915600,0.6154492024,0.4854028675,1.3750164021,0.3184656598,2.8333333333,20.9662019904,25.0145971869,0.0000000000,0.4887090051,0,miao_yao
you,BUNU,kau,2,XIANGXI_HMONG,m3,1,-8.2990983959,0.6965742251,0.3615809227,1.8598904808,0.6205176047,2.8333333333,20.9662019904,16.6243349504,0.0000000000,0.4887090051,0,miao_yao
you,BUNU,kau,2,YAO,mw~ei,1,-8.0010343160,0.5499580185,0.5979133337,1.5801740653,0.4575350089,2.8333333333,20.9662019904,34.2085663867,0.0000000000,0.4887090051,0,miao_yao
you,HMONG_NJUA,kau,2,HMU,mon,1,-10.0142057795,0.8721934370,0.1367440483,2.2160651411,0.7957331643,2.8333333333,24.8288245989,29.7695459310,0.0000000000,0.4887090051,0,miao_yao
you,HMONG_NJUA,kau,2,SHE_CHINA,muN,1,-7.5186915600,0.6364421416,0.4518617659,1.7527489105,0.5611853615,2.8333333333,22.5030593799,25.0145971869,3.1855553512,0.4887090051,0,miao_yao
you,HMONG_NJUA,kau,2,XIANGXI_HMONG,m3,1,-8.2990983959,0.8028523490,0.2195844562,2.1722763134,0.7757756101,2.8333333333,25.3964688921,16.6243349504,0.0000000000,0.4887090051,0,miao_yao
you,HMONG_NJUA,kau,2,YAO,mw~ei,1,-8.0010343160,0.6162489196,0.4841043068,1.6225418843,0.4839939839,2.8333333333,23.8665878854,34.2085663867,0.0000000000,0.4887090051,0,miao_yao
you,HMU,mon,1,SHE_CHINA,muN,1,4.6783331157,0.0035587189,5.6383546693,1.8617727617,0.6215291315,2.8333333333,25.0751490898,25.0145971869,16.0454676174,0.4887090051,1,miao_yao
you,HMU,mon,1,XIANGXI_HMONG,m3,1,0.2517536391,0.0587726880,2.8340780220,2.6482712019,0.9739070505,2.8333333333,26.4694661412,16.6243349504,8.6844979167,0.4887090051,1,miao_yao
you,HMU,mon,1,YAO,mw~ei,1,-4.9034420353,0.2660142349,1.3242054571,1.4316038006,0.3587953547,2.8333333333,24.1942642997,34.2085663867,0.0000000000,0.4887090051,1,miao_yao
you,SHE_CHINA,muN,1,XIANGXI_HMONG,m3,1,-0.0306913817,0.0362694301,3.3167800398,1.9779037438,0.6820375686,2.8333333333,29.3254764517,16.6243349504,8.6844979167,0.4887090051,1,miao_yao
you,SHE_CHINA,muN,1,YAO,mw~ei,1,-3.4116874838,0.1708185053,1.7671536584,1.7465279216,0.5576297723,2.8333333333,25.3251971528,34.2085663867,0.0000000000,0.4887090051,1,miao_yao
you,XIANGXI_HMONG,m3,1,YAO,mw~ei,1,-0.1281557937,0.0354058722,3.3408775914,1.3873368046,0.3273859414,2.8333333333,19.8906177932,34.2085663867,2.0613409328,0.4887090051,1,miao_yao
nose,BUNU,pinc~au,1,HMONG_NJUA,nc~u,1,-1.2905584301,0.1199021207,2.1210795297,2.4091249882,0.8792636061,4.1666666667,60.3617002889,30.6433248340,21.4073633680,0.7507192343,1,miao_yao
nose,BUNU,pinc~au,1,HMU,pozE,1,-5.3597319244,0.3669185558,1.0026153743,2.0381907471,0.7120625257,4.1666666667,60.3617002889,37.8810221280,11.1625175087,0.7507192343,1,miao_yao
nose,BUNU,pinc~au,1,SHE_CHINA,kh~uNpiu,1,-1.5839089000,0.1083123426,2.2227361650,1.3750164021,0.3184656598,4.1666666667,60.3617002889,71.8010009816,1.9887638761,0.7507192343,1,miao_yao
nose,BUNU,pinc~au,1,XIANGXI_HMONG,pamzE,1,-5.9863991561,0.4494290375,0.7997773073,1.8598904808,0.6205176047,4.1666666667,60.3617002889,46.2059991142,7.5907011257,0.7507192343,1,miao_yao
nose,BUNU,pinc~au,1,YAO,by~ut,1,-4.9210992881,0.2619647355,1.3395453815,1.5801740653,0.4575350089,4.1666666667,60.3617002889,35.5894196194,0.7110717985,0.7507192343,1,miao_yao
nose,HMONG_NJUA,nc~u,1,HMU,pozE,1,-8.8640566439,0.7754749568,0.2542795898,2.2160651411,0.7957331643,4.1666666667,32.8321162804,37.8810221280,0.0000000000,0.7507192343,1,miao_yao
nose,HMONG_NJUA,nc~u,1,SHE_CHINA,kh~uNpiu,1,-4.3597052906,0.3290155440,1.1116502830,1.7527489105,0.5611853615,4.1666666667,29.3305502531,71.8010009816,5.7743093001,0.7507192343,1,miao_yao
nose,HMONG_NJUA,nc~u,1,XIANGXI_HMONG,pamzE,1,-12.0616722214,0.9773489933,0.0229114816,2.1722763134,0.7757756101,4.1666666667,33.6838826280,46.2059991142,0.0000000000,0.7507192343,1,miao_yao
nose,HMONG_NJUA,nc~u,1,YAO,by~ut,1,-6.3176960700,0.4459809853,0.8074789617,1.6225418843,0.4839939839,4.1666666667,30.6686945028,35.5894196194,5.0478628345,0.7507192343,1,miao_yao
nose,HMU,pozE,1,SHE_CHINA,kh~uNpiu,1,-8.6420480962,0.7250889680,0.3214609172,1.8617727617,0.6215291315,4.1666666667,39.3318796313,71.8010009816,0.0000000000,0.7507192343,1,miao_yao
nose,HMU,pozE,1,XIANGXI_HMONG,pamzE,1,7.5698273876,0.0034572169,5.6672913661,2.6482712019,0.9739070505,4.1666666667,33.2364914772,46.2059991142,19.4323462263,0.7507192343,1,miao_yao
nose,HMU,pozE,1,YAO,by~ut,1,-3.9273904127,0.2046263345,1.5865697215,1.4316038006,0.3587953547,4.1666666667,36.6139629956,35.5894196194,0.0000000000,0.7507192343,1,miao_yao
nose,SHE_CHINA,kh~uNpiu,1,XIANGXI_HMONG,pamzE,1,-12.0998574553,0.9404145078,0.0614345352,1.9779037438,0.6820375686,4.1666666667,78.2441106862,46.2059991142,0.0000000000,0.7507192343,1,miao_yao
nose,SHE_CHINA,kh~uNpiu,1,YAO,by~ut,1,-7.4141272103,0.5284697509,0.6377697111,1.7465279216,0.5576297723,4.1666666667,70.2185111294,35.5894196194,3.6855240762,0.7507192343,1,miao_yao
nose,XIANGXI_HMONG,pamzE,1,YAO,by~ut,1,-10.0352617733,0.8022452504,0.2203409193,1.3873368046,0.3273859414,4.1666666667,46.1039177521,35.5894196194,0.0000000000,0.7507192343,1,miao_yao
liver,BUNU,nT~au,3,HMONG_NJUA,sa,2,-7.3999605946,0.6345840131,0.4547855923,2.4091249882,0.8792636061,3.3333333333,37.9046634745,17.9973646604,0.0000000000,0.6119102983,0,miao_yao
liver,BUNU,nT~au,3,HMU,fh~u zE Ton,1,-11.8724248768,0.9261125105,0.0767595501,2.0381907471,0.7120625257,3.3333333333,37.9046634745,118.3076855343,-8.8428288186,0.6119102983,0,miao_yao
liver,BUNU,nT~au,3,SHE_CHINA,hin,2,-6.0317570696,0.4802686818,0.7334095780,1.3750164021,0.3184656598,3.3333333333,37.9046634745,28.4550785734,5.1244730483,0.6119102983,0,miao_yao
liver,BUNU,nT~au,3,XIANGXI_HMONG,sE,2,-9.5134783072,0.8075040783,0.2138071734,1.8598904808,0.6205176047,3.3333333333,37.9046634745,20.0513759569,0.0000000000,0.6119102983,0,miao_yao
liver,BUNU,nT~au,3,YAO,Lan,2,-6.0317570696,0.3518052057,1.0446776494,1.5801740653,0.4575350089,3.3333333333,37.9046634745,24.7060485500,5.7590439443,0.6119102983,0,miao_yao
liver,HMONG_NJUA,sa,2,HMU,fh~u zE Ton,1,-9.8193475237,0.8575129534,0.1537189941,2.2160651411,0.7957331643,3.3333333333,17.4883087958,118.3076855343,-5.7500000000,0.6119102983,0,miao_yao
liver,HMONG_NJUA,sa,2,SHE_CHINA,hin,2,-4.0146387560,0.2867012090,1.2493146892,1.7527489105,0.5611853615,3.3333333333,18.2898552154,28.4550785734,0.0000000000,0.6119102983,1,miao_yao
liver,HMONG_NJUA,sa,2,XIANGXI_HMONG,sE,2,3.6532207985,0.0083892617,4.7808027546,2.1722763134,0.7757756101,3.3333333333,21.8903195545,20.0513759569,11.8511645833,0.6119102983,1,miao_yao
liver,HMONG_NJUA,sa,2,YAO,Lan,2,-5.8823018298,0.4122731201,0.8860692363,1.6225418843,0.4839939839,3.3333333333,17.4659266609,24.7060485500,1.7768975772,0.6119102983,1,miao_yao
liver,HMU,fh~u zE Ton,1,SHE_CHINA,hin,2,-5.6117890589,0.3994661922,0.9176261427,1.8617727617,0.6215291315,3.3333333333,119.1902763399,28.4550785734,-9.5833333333,0.6119102983,0,miao_yao
liver,HMU,fh~u zE Ton,1,XIANGXI_HMONG,sE,2,-7.3369018427,0.6525496975,0.4268679779,2.6482712019,0.9739070505,3.3333333333,114.5230570493,20.0513759569,-8.2978447766,0.6119102983,0,miao_yao
liver,HMU,fh~u zE Ton,1,YAO,Lan,2,-7.1394493787,0.5026690391,0.6878232993,1.4316038006,0.3587953547,3.3333333333,117.7840281143,24.7060485500,-9.5833333333,0.6119102983,0,miao_yao
liver,SHE_CHINA,hin,2,XIANGXI_HMONG,sE,2,-2.4948317707,0.1113989637,2.1946372538,1.9779037438,0.6820375686,3.3333333333,34.1399962547,20.0513759569,0.0000000000,0.6119102983,1,miao_yao
liver,SHE_CHINA,hin,2,YAO,Lan,2,-4.8626695964,0.2891459075,1.2408238481,1.7465279216,0.5576297723,3.3333333333,29.9730946948,24.7060485500,3.4828608998,0.6119102983,1,miao_yao
liver,XIANGXI_HMONG,sE,2,YAO,Lan,2,-7.9958195424,0.6062176166,0.5005162541,1.3873368046,0.3273859414,3.3333333333,20.8227657551,24.7060485500,0.0000000000,0.6119102983,1,miao_yao
night,BUNU,nt~onmun,1,HMONG_NJUA,mh~au,1,-4.7190466268,0.3654159869,1.0067188841,2.4091249882,0.8792636061,5.8333333333,65.2792734905,38.1141737387,0.0000000000,0.1305344550,1,miao_yao
night,BUNU,nt~onmun,1,HMU,Th~imh~am,1,-10.6138991951,0.8715365239,0.1374975056,2.0381907471,0.7120625257,5.8333333333,65.2792734905,76.0823650875,0.0000000000,0.1305344550,1,miao_yao
night,BUNU,nt~onmun,1,SHE_CHINA,mokaNch~i,2,-9.6236772758,0.8094038623,0.2114572747,1.3750164021,0.3184656598,5.8333333333,65.2792734905,82.2265204633,0.0000000000,0.1305344550,0,miao_yao
night,BUNU,nt~onmun,1,XIANGXI_HMONG,tTh~mh~an,1,-6.7915927235,0.5212071778,0.6516076621,1.8598904808,0.6205176047,5.8333333333,65.2792734905,81.8252782513,5.5883331207,0.1305344550,1,miao_yao
night,BUNU,nt~onmun,1,YAO,luNmw~ancan,1,-3.4674478378,0.1788413098,1.7212564036,1.5801740653,0.4575350089,5.8333333333,65.2792734905,94.1858815843,10.7470430297,0.1305344550,1,miao_yao
night,HMONG_NJUA,mh~au,1,HMU,Th~imh~am,1,-8.6729490003,0.7487046632,0.2894106814,2.2160651411,0.7957331643,5.8333333333,40.5460474108,76.0823650875,16.9040561086,0.1305344550,1,miao_yao
night,HMONG_NJUA,mh~au,1,SHE_CHINA,mokaNch~i,2,-4.7665692710,0.3704663212,0.9929927392,1.7527489105,0.5611853615,5.8333333333,38.9410553834,82.2265204633,1.3137795191,0.1305344550,0,miao_yao
night,HMONG_NJUA,mh~au,1,XIANGXI_HMONG,tTh~mh~an,1,-9.1236726285,0.8657718121,0.1441339016,2.1722763134,0.7757756101,5.8333333333,42.5139421244,81.8252782513,20.6130293336,0.1305344550,1,miao_yao
night,HMONG_NJUA,mh~au,1,YAO,luNmw~ancan,1,-10.4785544157,0.8599827139,0.1508429900,1.6225418843,0.4839939839,5.8333333333,38.8367193259,94.1858815843,10.0194798451,0.1305344550,1,miao_yao
night,HMU,Th~imh~am,1,SHE_CHINA,mokaNch~i,2,-8.3009716780,0.6983985765,0.3589653127,1.8617727617,0.6215291315,5.8333333333,74.0949327823,82.2265204633,16.6079291036,0.1305344550,0,miao_yao
night,HMU,Th~imh~am,1,XIANGXI_HMONG,tTh~mh~an,1,1.3523093048,0.0388936906,3.2469232374,2.6482712019,0.9739070505,5.8333333333,84.3064437187,81.8252782513,51.2932761831,0.1305344550,1,miao_yao
night,HMU,Th~imh~am,1,YAO,luNmw~ancan,1,-7.9116617324,0.6014234875,0.5084559544,1.4316038006,0.3587953547,5.8333333333,74.3682826307,94.1858815843,0.0000000000,0.1305344550,1,miao_yao
night,SHE_CHINA,mokaNch~i,2,XIANGXI_HMONG,tTh~mh~an,1,-6.4013168581,0.5120898100,0.6692552591,1.9779037438,0.6820375686,5.8333333333,89.8718329179,81.8252782513,6.6882152019,0.1305344550,0,miao_yao
night,SHE_CHINA,mokaNch~i,2,YAO,luNmw~ancan,1,-5.0279673896,0.2989323843,1.2075378705,1.7465279216,0.5576297723,5.8333333333,77.2500361817,94.1858815843,6.0169915289,0.1305344550,0,miao_yao
night,XIANGXI_HMONG,tTh~mh~an,1,YAO,luNmw~ancan,1,-5.8728487941,0.3626943005,1.0141949469,1.3873368046,0.3273859414,5.8333333333,77.6552063177,94.1858815843,0.0000000000,0.1305344550,1,miao_yao
ear,BUNU,kanc~ea,1,HMONG_NJUA,5tT$ou,1,-9.0704179657,0.7854812398,0.2414587047,2.4091249882,0.8792636061,4.6666666667,52.4490840189,49.4135801636,2.9287613680,0.0533179403,1,miao_yao
ear,BUNU,kanc~ea,1,HMU,qazE,1,-2.3820061513,0.1276238455,2.0586680485,2.0381907471,0.7120625257,4.6666666667,52.4490840189,34.4580152370,14.2887957871,0.0533179403,1,miao_yao
ear,BUNU,kanc~ea,1,SHE_CHINA,kakh~uN,2,-2.6554675361,0.1687657431,1.7792436613,1.3750164021,0.3184656598,4.6666666667,52.4490840189,52.1838051655,0.0000000000,0.0533179403,0,miao_yao
ear,BUNU,kanc~ea,1,XIANGXI_HMONG,tonmz3,1,-6.8939544666,0.5309951060,0.6330024743,1.8598904808,0.6205176047,4.6666666667,52.4490840189,54.3376055803,5.0237421383,0.0533179403,1,miao_yao
ear,BUNU,kanc~ea,1,YAO,n3nom,1,-8.1394549400,0.5642317380,0.5722902288,1.5801740653,0.4575350089,4.6666666667,52.4490840189,47.4592244600,0.0000000000,0.0533179403,1,miao_yao
ear,HMONG_NJUA,5tT$ou,1,HMU,qazE,1,-7.2934754478,0.6174438687,0.4821671154,2.2160651411,0.7957331643,4.6666666667,54.3718867715,34.4580152370,0.0000000000,0.0533179403,1,miao_yao
ear,HMONG_NJUA,5tT$ou,1,SHE_CHINA,kakh~uN,2,-3.7473565739,0.2651122625,1.3276019105,1.7527489105,0.5611853615,4.6666666667,50.3254980603,52.1838051655,5.6509302016,0.0533179403,0,miao_yao
ear,HMONG_NJUA,5tT$ou,1,XIANGXI_HMONG,tonmz3,1,-1.0051937177,0.0964765101,2.3384557193,2.1722763134,0.7757756101,4.6666666667,53.8132830250,54.3376055803,0.6000411616,0.0533179403,1,miao_yao
ear,HMONG_NJUA,5tT$ou,1,YAO,n3nom,1,-7.3640650928,0.5332757131,0.6287167033,1.6225418843,0.4839939839,4.6666666667,51.3813671635,47.4592244600,0.0000000000,0.0533179403,1,miao_yao
ear,HMU,qazE,1,SHE_CHINA,kakh~uN,2,-8.1671080528,0.6814946619,0.3834668607,1.8617727617,0.6215291315,4.6666666667,36.7786684060,52.1838051655,7.7172631438,0.0533179403,0,miao_yao
ear,HMU,qazE,1,XIANGXI_HMONG,tonmz3,1,-1.7453956118,0.1270527226,2.0631531404,2.6482712019,0.9739070505,4.6666666667,32.6570876196,54.3376055803,0.0000000000,0.0533179403,1,miao_yao
ear,HMU,qazE,1,YAO,n3nom,1,-10.9495648760,0.8834519573,0.1239183664,1.4316038006,0.3587953547,4.6666666667,36.1777968488,47.4592244600,0.0000000000,0.0533179403,1,miao_yao
ear,SHE_CHINA,kakh~uN,2,XIANGXI_HMONG,tonmz3,1,-9.8084786151,0.8264248705,0.1906462667,1.9779037438,0.6820375686,4.6666666667,58.8563621623,54.3376055803,0.0000000000,0.0533179403,0,miao_yao
ear,SHE_CHINA,kakh~uN,2,YAO,n3nom,1,-10.1236787421,0.7944839858,0.2300624496,1.7465279216,0.5576297723,4.6666666667,51.9077729868,47.4592244600,6.8358757306,0.0533179403,0,miao_yao
ear,XIANGXI_HMONG,tonmz3,1,YAO,n3nom,1,-4.1079539566,0.2037996546,1.5906178531,1.3873368046,0.3273859414,4.6666666667,63.3382590578,47.4592244600,7.3521808124,0.0533179403,1,miao_yao
eye,BUNU,kh~i mon,1,HMONG_NJUA,mua,1,-6.5980222179,0.5570962480,0.5850172569,2.4091249882,0.8792636061,4.0000000000,79.6548381485,22.6291748978,-9.5833333333,0.5139293754,1,miao_yao
eye,BUNU,kh~i mon,1,HMU,5h~umE,1,-10.2969489447,0.8480268682,0.1648429595,2.0381907471,0.7120625257,4.0000000000,79.6548381485,49.5297137489,-15.5844066218,0.5139293754,1,miao_yao
eye,BUNU,kh~i mon,1,SHE_CHINA,kakh~o,3,-6.3268017334,0.5079764903,0.6773201113,1.3750164021,0.3184656598,4.0000000000,79.6548381485,44.2910826794,-9.8338787965,0.5139293754,0,miao_yao
eye,BUNU,kh~i mon,1,XIANGXI_HMONG,l3qe,2,-9.6607798426,0.8213703100,0.1967812238,1.8598904808,0.6205176047,4.0000000000,79.6548381485,37.9027849280,-12.4679383384,0.5139293754,0,miao_yao
eye,BUNU,kh~i mon,1,YAO,mw~ciN,1,-5.6068268085,0.3047858942,1.1881457351,1.5801740653,0.4575350089,4.0000000000,79.6548381485,47.9443543522,-16.4115656827,0.5139293754,1,miao_yao
eye,HMONG_NJUA,mua,1,HMU,5h~umE,1,-3.6126902191,0.2279792746,1.4785005550,2.2160651411,0.7957331643,4.0000000000,28.4174994339,49.5297137489,3.5074734243,0.5139293754,1,miao_yao
eye,HMONG_NJUA,mua,1,SHE_CHINA,kakh~o,3,-10.2033086743,0.8721934370,0.1367440483,1.7527489105,0.5611853615,4.0000000000,23.9329090886,44.2910826794,2.2453776160,0.5139293754,0,miao_yao
eye,HMONG_NJUA,mua,1,XIANGXI_HMONG,l3qe,2,-8.7469701440,0.8431208054,0.1706450271,2.1722763134,0.7757756101,4.0000000000,27.9608824700,37.9027849280,0.0000000000,0.5139293754,0,miao_yao
eye,HMONG_NJUA,mua,1,YAO,mw~ciN,1,-10.5109639433,0.8643042351,0.1458304482,1.6225418843,0.4839939839,4.0000000000,22.7026041827,47.9443543522,0.0000000000,0.5139293754,1,miao_yao
eye,HMU,5h~umE,1,SHE_CHINA,kakh~o,3,-14.0225580431,0.9830960854,0.0170484165,1.8617727617,0.6215291315,4.0000000000,49.1496326806,44.2910826794,0.0000000000,0.5139293754,0,miao_yao
eye,HMU,5h~umE,1,XIANGXI_HMONG,l3qe,2,-6.8056837411,0.5756266206,0.5522960567,2.6482712019,0.9739070505,4.0000000000,50.7058215004,37.9027849280,0.0000000000,0.5139293754,0,miao_yao
eye,HMU,5h~umE,1,YAO,mw~ciN,1,-7.2609068930,0.5240213523,0.6462228468,1.4316038006,0.3587953547,4.0000000000,52.5133132223,47.9443543522,6.8358757306,0.5139293754,1,miao_yao
eye,SHE_CHINA,kakh~o,3,XIANGXI_HMONG,l3qe,2,-4.9168856397,0.3281519862,1.1142784054,1.9779037438,0.6820375686,4.0000000000,45.9695288782,37.9027849280,0.0000000000,0.5139293754,0,miao_yao
eye,SHE_CHINA,kakh~o,3,YAO,mw~ciN,1,-13.0408666466,0.9386120996,0.0633529845,1.7465279216,0.5576297723,4.0000000000,41.9549871693,47.9443543522,0.0000000000,0.5139293754,0,miao_yao
eye,XIANGXI_HMONG,l3qe,2,YAO,mw~ciN,1,-9.5358527434,0.7633851468,0.2699925955,1.3873368046,0.3273859414,4.0000000000,41.9479861425,47.9443543522,0.0000000000,0.5139293754,0,miao_yao
hand,BUNU,tape,1,HMONG_NJUA,te,1,1.7158273747,0.0326264274,3.4226326624,2.4091249882,0.8792636061,2.6666666667,38.9886785699,15.4080580344,1.4428243775,0.1016442932,1,miao_yao
hand,BUNU,tape,1,HMU,pi,1,-1.2558346950,0.0881612091,2.4285882192,2.0381907471,0.7120625257,2.6666666667,38.9886785699,17.4769161957,0.3609000807,0.1016442932,1,miao_yao
hand,BUNU,tape,1,SHE_CHINA,khw$a,1,-6.0392166834,0.4811083123,0.7316628526,1.3750164021,0.3184656598,2.6666666667,38.9886785699,42.8800142868,0.0000000000,0.1016442932,1,miao_yao
hand,BUNU,tape,1,XIANGXI_HMONG,qot3,1,-4.8456300857,0.3360522023,1.0904887671,1.8598904808,0.6205176047,2.6666666667,38.9886785699,31.7256385608,1.5677886178,0.1016442932,1,miao_yao
hand,BUNU,tape,1,YAO,pw~o,1,-2.2470644667,0.1267842149,2.0652687325,1.5801740653,0.4575350089,2.6666666667,38.9886785699,25.5682550651,0.0000000000,0.1016442932,1,miao_yao
hand,HMONG_NJUA,te,1,HMU,pi,1,-7.7679061935,0.6588946459,0.4171916268,2.2160651411,0.7957331643,2.6666666667,17.4207189677,17.4769161957,0.0000000000,0.1016442932,1,miao_yao
hand,HMONG_NJUA,te,1,SHE_CHINA,khw$a,1,-4.7683051390,0.3704663212,0.9929927392,1.7527489105,0.5611853615,2.6666666667,20.5018041845,42.8800142868,0.0000000000,0.1016442932,1,miao_yao
hand,HMONG_NJUA,te,1,XIANGXI_HMONG,qot3,1,-1.1800640729,0.1082214765,2.2235754433,2.1722763134,0.7757756101,2.6666666667,14.9578035677,31.7256385608,0.0000000000,0.1016442932,1,miao_yao
hand,HMONG_NJUA,te,1,YAO,pw~o,1,-8.7591359652,0.6897147796,0.3714771297,1.6225418843,0.4839939839,2.6666666667,15.0131949955,25.5682550651,0.0000000000,0.1016442932,1,miao_yao
hand,HMU,pi,1,SHE_CHINA,khw$a,1,-4.2332140421,0.2473309609,1.3970279168,1.8617727617,0.6215291315,2.6666666667,18.2104621534,42.8800142868,0.0000000000,0.1016442932,1,miao_yao
hand,HMU,pi,1,XIANGXI_HMONG,qot3,1,-7.9129920307,0.7121866897,0.3394151973,2.6482712019,0.9739070505,2.6666666667,20.6425066145,31.7256385608,0.0000000000,0.1016442932,1,miao_yao
hand,HMU,pi,1,YAO,pw~o,1,0.3608582155,0.0258007117,3.6573532005,1.4316038006,0.3587953547,2.6666666667,15.2079133459,25.5682550651,1.4582738736,0.1016442932,1,miao_yao
hand,SHE_CHINA,khw$a,1,XIANGXI_HMONG,qot3,1,-3.9766912107,0.2374784111,1.4376785605,1.9779037438,0.6820375686,2.6666666667,46.3836578617,31.7256385608,0.0000000000,0.1016442932,1,miao_yao
hand,SHE_CHINA,khw$a,1,YAO,pw~o,1,-2.0505223817,0.1129893238,2.1804619440,1.7465279216,0.5576297723,2.6666666667,37.8468502265,25.5682550651,5.4599187246,0.1016442932,1,miao_yao
hand,XIANGXI_HMONG,qot3,1,YAO,pw~o,1,-4.9401257768,0.2625215889,1.3374219567,1.3873368046,0.3273859414,2.6666666667,37.6851227459,25.5682550651,3.3553058689,0.1016442932,1,miao_yao
sun,BUNU,minh~on,1,HMONG_NJUA,nh~o,1,-2.5428878139,0.1933115824,1.6434519754,2.4091249882,0.8792636061,3.3333333333,63.9201943523,29.0345015916,10.4969237236,0.1097888714,1,miao_yao
sun,BUNU,minh~on,1,HMU,nh~E,1,-5.7850710126,0.4105793451,0.8901860799,2.0381907471,0.7120625257,3.3333333333,63.9201943523,27.4304534142,10.3670833936,0.1097888714,1,miao_yao
sun,BUNU,minh~on,1,SHE_CHINA,noko,1,-6.7416473924,0.5499580185,0.5979133337,1.3750164021,0.3184656598,3.3333333333,63.9201943523,33.3897661536,5.1244730483,0.1097888714,1,miao_yao
sun,BUNU,minh~on,1,XIANGXI_HMONG,nh~e,1,-5.7886081769,0.4306688418,0.8424158328,1.8598904808,0.6205176047,3.3333333333,63.9201943523,30.1840940016,9.3902174162,0.1097888714,1,miao_yao
sun,BUNU,minh~on,1,YAO,punh~oi,1,-5.3772585067,0.2888329135,1.2419069120,1.5801740653,0.4575350089,3.3333333333,63.9201943523,58.7807854473,4.4748413403,0.1097888714,1,miao_yao
sun,HMONG_NJUA,nh~o,1,HMU,nh~E,1,0.9067164881,0.0336787565,3.3908880120,2.2160651411,0.7957331643,3.3333333333,28.8022366031,27.4304534142,19.0357304466,0.1097888714,1,miao_yao
sun,HMONG_NJUA,nh~o,1,SHE_CHINA,noko,1,-0.0498598917,0.0734024180,2.6117984016,1.7527489105,0.5611853615,3.3333333333,29.3911021560,33.3897661536,7.7104618834,0.1097888714,1,miao_yao
sun,HMONG_NJUA,nh~o,1,XIANGXI_HMONG,nh~e,1,0.9031793237,0.0377516779,3.2767253579,2.1722763134,0.7757756101,3.3333333333,30.0380278790,30.1840940016,21.9838826280,0.1097888714,1,miao_yao
sun,HMONG_NJUA,nh~o,1,YAO,punh~oi,1,-2.5428878139,0.1417458946,1.9537192994,1.6225418843,0.4839939839,3.3333333333,31.4226972412,58.7807854473,22.9490244918,0.1097888714,1,miao_yao
sun,HMU,nh~E,1,SHE_CHINA,noko,1,-3.2920430903,0.1779359431,1.7263316639,1.8617727617,0.6215291315,3.3333333333,28.3833037748,33.3897661536,3.4390087449,0.1097888714,1,miao_yao
sun,HMU,nh~E,1,XIANGXI_HMONG,nh~e,1,2.6770044010,0.0190146932,3.9625432738,2.6482712019,0.9739070505,3.3333333333,30.1840940016,30.1840940016,30.1840940016,0.1097888714,1,miao_yao
sun,HMU,nh~E,1,YAO,punh~oi,1,-5.5381503524,0.3113879004,1.1667158760,1.4316038006,0.3587953547,3.3333333333,31.4603020311,58.7807854473,14.9284564120,0.1097888714,1,miao_yao
sun,SHE_CHINA,noko,1,XIANGXI_HMONG,nh~e,1,-3.2955802547,0.1640759931,1.8074255860,1.9779037438,0.6820375686,3.3333333333,34.8840187461,30.1840940016,1.8392375097,0.1097888714,1,miao_yao
sun,SHE_CHINA,noko,1,YAO,punh~oi,1,-5.5963074737,0.3567615658,1.0306876031,1.7465279216,0.5576297723,3.3333333333,33.3905899197,58.7807854473,1.3624748583,0.1097888714,1,miao_yao
sun,XIANGXI_HMONG,nh~e,1,YAO,punh~oi,1,-4.7973784052,0.2556131261,1.3640902038,1.3873368046,0.3273859414,3.3333333333,31.4603020311,58.7807854473,14.9284564120,0.1097888714,1,miao_yao
knee,BUNU,kuNaTo,1,HMONG_NJUA,qh~auco,1,0.3542820691,0.0619902121,2.7807787762,2.4091249882,0.8792636061,6.3333333333,50.1977313244,57.1603130023,0.5579131051,0.3372743652,1,miao_yao
knee,BUNU,kuNaTo,1,HMU,qh~anv3t3,1,-4.2618709672,0.2476910160,1.3955732130,2.0381907471,0.7120625257,6.3333333333,50.1977313244,86.1383440776,7.3651525577,0.3372743652,1,miao_yao
knee,BUNU,kuNaTo,1,SHE_CHINA,nakch~akkh~un,1,-10.1767844608,0.8530646516,0.1589199412,1.3750164021,0.3184656598,6.3333333333,50.1977313244,102.6233234638,0.0347583458,0.3372743652,1,miao_yao
knee,BUNU,kuNaTo,1,XIANGXI_HMONG,qh~utT~o,1,1.5527654334,0.0154975530,4.1670731373,1.8598904808,0.6205176047,6.3333333333,50.1977313244,65.0783653129,7.3399571579,0.3372743652,1,miao_yao
knee,BUNU,kuNaTo,1,YAO,pw~oseidy~e,2,-17.1090462383,0.9983207389,0.0016806727,1.5801740653,0.4575350089,6.3333333333,50.1977313244,82.7003309396,0.0000000000,0.3372743652,0,miao_yao
knee,HMONG_NJUA,qh~auco,1,HMU,qh~anv3t3,1,2.0326412606,0.0198618307,3.9189554422,2.2160651411,0.7957331643,6.3333333333,61.2473949032,86.1383440776,17.7048927466,0.3372743652,1,miao_yao
knee,HMONG_NJUA,qh~auco,1,SHE_CHINA,nakch~akkh~un,1,-11.2359801947,0.9395509499,0.0623532307,1.7527489105,0.5611853615,6.3333333333,57.5284013987,102.6233234638,18.6838348791,0.3372743652,1,miao_yao
knee,HMONG_NJUA,qh~auco,1,XIANGXI_HMONG,qh~utT~o,1,7.5653448103,0.0016778523,6.3902406671,2.1722763134,0.7757756101,6.3333333333,61.3137481422,65.0783653129,26.8141858170,0.3372743652,1,miao_yao
knee,HMONG_NJUA,qh~auco,1,YAO,pw~oseidy~e,2,-10.7742653251,0.8772687986,0.1309418357,1.6225418843,0.4839939839,6.3333333333,57.1755130321,82.7003309396,0.0000000000,0.3372743652,0,miao_yao
knee,HMU,qh~anv3t3,1,SHE_CHINA,nakch~akkh~un,1,-14.8703340513,0.9928825623,0.0071428875,1.8617727617,0.6215291315,6.3333333333,89.9192637247,102.6233234638,18.7980386430,0.3372743652,1,miao_yao
knee,HMU,qh~anv3t3,1,XIANGXI_HMONG,qh~utT~o,1,2.1119515436,0.0242005186,3.7213812170,2.6482712019,0.9739070505,6.3333333333,81.5175155628,65.0783653129,10.9832183380,0.3372743652,1,miao_yao
knee,HMU,qh~anv3t3,1,YAO,pw~oseidy~e,2,-13.8913210632,0.9750889680,0.0252265629,1.4316038006,0.3587953547,6.3333333333,87.6346755715,82.7003309396,0.0000000000,0.3372743652,0,miao_yao
knee,SHE_CHINA,nakch~akkh~un,1,XIANGXI_HMONG,qh~utT~o,1,-12.0921332844,0.9395509499,0.0623532307,1.9779037438,0.6820375686,6.3333333333,118.5043218984,65.0783653129,27.0415328320,0.3372743652,1,miao_yao
knee,SHE_CHINA,nakch~akkh~un,1,YAO,pw~oseidy~e,2,-20.5875051269,1.0000000000,-0.0000000000,1.7465279216,0.5576297723,6.3333333333,102.3275867563,82.7003309396,0.0000000000,0.3372743652,0,miao_yao
knee,XIANGXI_HMONG,qh~utT~o,1,YAO,pw~oseidy~e,2,-9.7506577535,0.7823834197,0.2454103521,1.3873368046,0.3273859414,6.3333333333,62.0043216080,82.7003309396,4.0474222337,0.3372743652,0,miao_yao
tooth,BUNU,famh~in,1,HMU,mh~i,1,-1.4861569772,0.0965575147,2.3376164410,2.0381907471,0.7120625257,3.5000000000,64.5534135357,31.0753254772,7.5165513322,0.5457529500,1,miao_yao
tooth,BUNU,famh~in,1,SHE_CHINA,mun,1,-0.2586291305,0.0629722922,2.7650604558,1.3750164021,0.3184656598,3.5000000000,64.5534135357,25.0145971869,9.4084572524,0.5457529500,1,miao_yao
tooth,BUNU,famh~in,1,XIANGXI_HMONG,qoTE,2,-13.2865881527,0.9771615008,0.0231033378,1.8598904808,0.6205176047,3.5000000000,64.5534135357,32.2052507225,0.0000000000,0.5457529500,0,miao_yao
tooth,HMU,mh~i,1,SHE_CHINA,mun,1,-0.9186595616,0.0640569395,2.7479829114,1.8617727617,0.6215291315,3.5000000000,30.1082876132,25.0145971869,6.1779275845,0.5457529500,1,miao_yao
tooth,HMU,mh~i,1,XIANGXI_HMONG,qoTE,2,-6.5948006521,0.5479688850,0.6015367728,2.6482712019,0.9739070505,3.5000000000,35.1955662690,32.2052507225,0.0000000000,0.5457529500,0,miao_yao
tooth,SHE_CHINA,mun,1,XIANGXI_HMONG,qoTE,2,-10.0863746815,0.8428324698,0.1709870717,1.9779037438,0.6820375686,3.5000000000,29.3254764517,32.2052507225,0.0000000000,0.5457529500,0,miao_yao
louse,BUNU,katuna,1,HMONG_NJUA,to,1,-4.0677095471,0.2928221860,1.2281897280,2.4091249882,0.8792636061,3.8333333333,48.4576119044,14.7455799651,0.0000000000,0.6005268672,1,miao_yao
louse,BUNU,katuna,1,HMU,kantE,1,1.7808378958,0.0260285474,3.6485613649,2.0381907471,0.7120625257,3.8333333333,48.4576119044,45.0700762358,18.6246683890,0.6005268672,1,miao_yao
louse,BUNU,katuna,1,SHE_CHINA,taN,1,-4.8803865412,0.3652392947,1.0072025383,1.3750164021,0.3184656598,3.8333333333,48.4576119044,25.2291946030,14.4018873019,0.6005268672,1,miao_yao
louse,BUNU,katuna,1,XIANGXI_HMONG,tate,1,-0.4711151648,0.0456769984,3.0861604258,1.8598904808,0.6205176047,3.8333333333,48.4576119044,34.6085304762,18.8604488595,0.6005268672,1,miao_yao
louse,BUNU,katuna,1,YAO,tam,1,-5.0441087079,0.2720403023,1.3018050536,1.5801740653,0.4575350089,3.8333333333,48.4576119044,22.5194619989,0.0000000000,0.6005268672,1,miao_yao
louse,HMONG_NJUA,to,1,HMU,kantE,1,-3.5736799879,0.2262521589,1.4861051544,2.2160651411,0.7957331643,3.8333333333,18.7925021565,45.0700762358,0.0000000000,0.6005268672,1,miao_yao
louse,HMONG_NJUA,to,1,SHE_CHINA,taN,1,0.7475886598,0.0466321244,3.0654656116,1.7527489105,0.5611853615,3.8333333333,18.3992817308,25.2291946030,9.6696002584,0.6005268672,1,miao_yao
louse,HMONG_NJUA,to,1,XIANGXI_HMONG,tate,1,-0.9581429964,0.0947986577,2.3560000289,2.1722763134,0.7757756101,3.8333333333,14.8117374450,34.6085304762,7.0575921941,0.6005268672,1,miao_yao
louse,HMONG_NJUA,to,1,YAO,tam,1,0.7475886598,0.0345721694,3.3647062731,1.6225418843,0.4839939839,3.8333333333,14.9755902056,22.5194619989,6.2088610719,0.6005268672,1,miao_yao
louse,HMU,kantE,1,SHE_CHINA,taN,1,-2.3873586190,0.1316725979,2.0274367567,1.8617727617,0.6215291315,3.8333333333,51.3526025880,25.2291946030,4.6035192921,0.6005268672,1,miao_yao
louse,HMU,kantE,1,XIANGXI_HMONG,tate,1,2.4171253139,0.0224719101,3.7954891892,2.6482712019,0.9739070505,3.8333333333,45.3749188696,34.6085304762,16.8946789694,0.6005268672,1,miao_yao
louse,HMU,kantE,1,YAO,tam,1,-4.6645984983,0.2508896797,1.3827419595,1.4316038006,0.3587953547,3.8333333333,44.4646095560,22.5194619989,0.4602679297,0.6005268672,1,miao_yao
louse,SHE_CHINA,taN,1,XIANGXI_HMONG,tate,1,-0.5618293886,0.0457685665,3.0841577446,1.9779037438,0.6820375686,3.8333333333,26.8275701389,34.6085304762,14.6904878526,0.6005268672,1,miao_yao
louse,SHE_CHINA,taN,1,YAO,tam,1,4.9491304343,0.0062277580,5.0787388814,1.7465279216,0.5576297723,3.8333333333,22.4356327615,22.5194619989,10.8747877327,0.6005268672,1,miao_yao
louse,XIANGXI_HMONG,tate,1,YAO,tam,1,-1.5940900528,0.0751295337,2.5885415395,1.3873368046,0.3273859414,3.8333333333,32.0642201546,22.5194619989,11.3747877327,0.6005268672,1,miao_yao
horn,BUNU,Tun,1,HMONG_NJUA,ko,1,-3.5862904178,0.2553017945,1.3653089260,2.4091249882,0.8792636061,2.8333333333,24.3141620328,14.7455799651,0.0000000000,0.0616399580,1,miao_yao
horn,BUNU,Tun,1,HMU,ki,1,-5.6879082899,0.3963056255,0.9255695838,2.0381907471,0.7120625257,2.8333333333,24.3141620328,15.3581026654,0.0000000000,0.0616399580,1,miao_yao
horn,BUNU,Tun,1,SHE_CHINA,kaN,1,-3.7057590509,0.2460117548,1.4023759603,1.3750164021,0.3184656598,2.8333333333,24.3141620328,22.5219378645,6.0989319895,0.0616399580,1,miao_yao
horn,BUNU,Tun,1,XIANGXI_HMONG,qoTe,1,-5.9195339232,0.4412724307,0.8180928376,1.8598904808,0.6205176047,2.8333333333,24.3141620328,32.2052507225,2.6907687157,0.0616399580,1,miao_yao
horn,BUNU,Tun,1,YAO,tT~oN,1,1.5613961135,0.0117548279,4.4434912397,1.5801740653,0.4575350089,2.8333333333,24.3141620328,39.9315583130,5.0006817051,0.0616399580,1,miao_yao
horn,HMONG_NJUA,ko,1,HMU,ki,1,-0.3702964472,0.0621761658,2.7777835391,2.2160651411,0.7957331643,2.8333333333,16.6736886262,15.3581026654,6.4738491364,0.0616399580,1,miao_yao
horn,HMONG_NJUA,ko,1,SHE_CHINA,kaN,1,-0.3591449736,0.0820379965,2.5005727665,1.7527489105,0.5611853615,2.8333333333,15.6920249922,22.5219378645,6.9623435199,0.0616399580,1,miao_yao
horn,HMONG_NJUA,ko,1,XIANGXI_HMONG,qoTe,1,-1.5017980167,0.1241610738,2.0861755739,2.1722763134,0.7757756101,2.8333333333,13.8742295897,32.2052507225,13.2449051377,0.0616399580,1,miao_yao
horn,HMONG_NJUA,ko,1,YAO,tT~oN,1,-1.9574177716,0.1149524633,2.1632365990,1.6225418843,0.4839939839,2.8333333333,16.5363950381,39.9315583130,3.3553058689,0.0616399580,1,miao_yao
horn,HMU,ki,1,SHE_CHINA,kaN,1,-2.5418366340,0.1387900356,1.9747930232,1.8617727617,0.6215291315,2.8333333333,16.7806124448,22.5219378645,6.9623435199,0.0616399580,1,miao_yao
horn,HMU,ki,1,XIANGXI_HMONG,qoTe,1,-3.7562886079,0.2618841832,1.3398529217,2.6482712019,0.9739070505,2.8333333333,18.0780930366,32.2052507225,5.7367510054,0.0616399580,1,miao_yao
horn,HMU,ki,1,YAO,tT~oN,1,-6.7939750308,0.4626334520,0.7708202189,1.4316038006,0.3587953547,2.8333333333,16.1335576075,39.9315583130,0.0000000000,0.0616399580,1,miao_yao
horn,SHE_CHINA,kaN,1,XIANGXI_HMONG,qoTe,1,-6.6492300471,0.5276338515,0.6393526990,1.9779037438,0.6820375686,2.8333333333,25.8900622835,32.2052507225,3.7138250261,0.0616399580,1,miao_yao
horn,SHE_CHINA,kaN,1,YAO,tT~oN,1,2.0153191313,0.0231316726,3.7665524924,1.7465279216,0.5576297723,2.8333333333,22.7181901436,39.9315583130,8.8052628937,0.0616399580,1,miao_yao
horn,XIANGXI_HMONG,qoTe,1,YAO,tT~oN,1,-7.7462954485,0.5639032815,0.5728725289,1.3873368046,0.3273859414,2.8333333333,33.8514311055,39.9315583130,1.8624748583,0.0616399580,1,miao_yao
bone,BUNU,ka8ona,1,HMONG_NJUA,ch~an,1,-5.2645110422,0.4061990212,0.9009120395,2.4091249882,0.8792636061,4.1666666667,49.5538132520,41.0815685530,0.0000000000,0.0098363397,1,miao_yao
bone,BUNU,ka8ona,1,HMU,sh~on,1,-1.8972401719,0.1108312343,2.1997466468,2.0381907471,0.7120625257,4.1666666667,49.5538132520,40.4282326031,0.9680184025,0.0098363397,1,miao_yao
bone,BUNU,ka8ona,1,SHE_CHINA,suNko,1,-5.0530804758,0.3803526448,0.9666564439,1.3750164021,0.3184656598,4.1666666667,49.5538132520,50.3290753800,3.6868038151,0.0098363397,1,miao_yao
bone,BUNU,ka8ona,1,XIANGXI_HMONG,qoson,1,2.6661031049,0.0065252855,5.0320705748,1.8598904808,0.6205176047,4.1666666667,49.5538132520,40.5568347503,17.7033747570,0.0098363397,1,miao_yao
bone,BUNU,ka8ona,1,YAO,buN,1,-9.0755520117,0.6666666667,0.4054651081,1.5801740653,0.4575350089,4.1666666667,49.5538132520,24.7221300936,0.0000000000,0.0098363397,1,miao_yao
bone,HMONG_NJUA,ch~an,1,HMU,sh~on,1,1.6103169226,0.0224525043,3.7963531201,2.2160651411,0.7957331643,4.1666666667,41.5149617453,40.4282326031,10.5193156163,0.0098363397,1,miao_yao
bone,HMONG_NJUA,ch~an,1,SHE_CHINA,suNko,1,-6.4775082708,0.5431778929,0.6103184014,1.7527489105,0.5611853615,4.1666666667,39.4276558131,50.3290753800,0.0000000000,0.0098363397,1,miao_yao
bone,HMONG_NJUA,ch~an,1,XIANGXI_HMONG,qoson,1,-2.5884426559,0.1929530201,1.6453085387,2.1722763134,0.7757756101,4.1666666667,46.9301284860,40.5568347503,1.5745636609,0.0098363397,1,miao_yao
bone,HMONG_NJUA,ch~an,1,YAO,buN,1,-9.3933739464,0.7588591184,0.2759391336,1.6225418843,0.4839939839,4.1666666667,41.4079597671,24.7221300936,3.8565907534,0.0098363397,1,miao_yao
bone,HMU,sh~on,1,SHE_CHINA,suNko,1,1.0536970542,0.0275800712,3.5906618260,1.8617727617,0.6215291315,4.1666666667,39.2643165807,50.3290753800,9.7345359505,0.0098363397,1,miao_yao
bone,HMU,sh~on,1,XIANGXI_HMONG,qoson,1,3.6602970942,0.0112359551,4.4886363697,2.6482712019,0.9739070505,4.1666666667,44.4891924623,40.5568347503,10.9620422451,0.0098363397,1,miao_yao
bone,HMU,sh~on,1,YAO,buN,1,-6.5973279281,0.4341637011,0.8343336246,1.4316038006,0.3587953547,4.1666666667,42.7697701754,24.7221300936,3.8565907534,0.0098363397,1,miao_yao
bone,SHE_CHINA,suNko,1,XIANGXI_HMONG,qoson,1,-3.1450625242,0.1519861831,1.8839656631,1.9779037438,0.6820375686,4.1666666667,53.8642669151,40.5568347503,5.9103093556,0.0098363397,1,miao_yao
bone,SHE_CHINA,suNko,1,YAO,buN,1,-5.4908333260,0.3478647687,1.0559414705,1.7465279216,0.5576297723,4.1666666667,49.3979633022,24.7221300936,5.9530111912,0.0098363397,1,miao_yao
bone,XIANGXI_HMONG,qoson,1,YAO,buN,1,-9.7002453027,0.7780656304,0.2509444005,1.3873368046,0.3273859414,4.1666666667,45.3829476145,24.7221300936,3.3565907534,0.0098363397,1,miao_yao
drink,BUNU,h3u,1,HMONG_NJUA,hou,1,5.5387783228,0.0040783034,5.5020742041,2.4091249882,0.8792636061,2.6000000000,29.4682709769,24.4160005683,7.4314137806,0.4984605227,1,miao_yao
drink,BUNU,h3u,1,HMU,h3,1,2.7227487332,0.0201511335,3.9044947390,2.0381907471,0.7120625257,2.6000000000,29.4682709769,23.1787276655,0.0000000000,0.4984605227,1,miao_yao
drink,BUNU,h3u,1,XIANGXI_HMONG,hu,1,3.4370023082,0.0040783034,5.5020742041,1.8598904808,0.6205176047,2.6000000000,29.4682709769,22.7613201448,0.0000000000,0.4984605227,1,miao_yao
drink,BUNU,h3u,1,YAO,hop,1,-1.5515398335,0.0873215785,2.4381576702,1.5801740653,0.4575350089,2.6000000000,29.4682709769,29.0152878031,0.0000000000,0.4984605227,1,miao_yao
drink,HMONG_NJUA,hou,1,HMU,h3,1,0.0102834173,0.0587219344,2.8349419530,2.2160651411,0.7957331643,2.6000000000,30.9990998245,23.1787276655,12.0732643346,0.4984605227,1,miao_yao
drink,HMONG_NJUA,hou,1,XIANGXI_HMONG,hu,1,3.4370023082,0.0083892617,4.7808027546,2.1722763134,0.7757756101,2.6000000000,29.4425394164,22.7613201448,17.0113201448,0.4984605227,1,miao_yao
drink,HMONG_NJUA,hou,1,YAO,hop,1,-1.5515398335,0.1037165082,2.2660939844,1.6225418843,0.4839939839,2.6000000000,29.4046759164,29.0152878031,17.9736805962,0.4984605227,1,miao_yao
drink,HMU,h3,1,XIANGXI_HMONG,hu,1,2.2208663187,0.0242005186,3.7213812170,2.6482712019,0.9739070505,2.6000000000,20.0910016171,22.7613201448,11.8511645833,0.4984605227,1,miao_yao
drink,HMU,h3,1,YAO,hop,1,0.0102834173,0.0382562278,3.2634489148,1.4316038006,0.3587953547,2.6000000000,25.2308791185,29.0152878031,11.9459435270,0.4984605227,1,miao_yao
drink,XIANGXI_HMONG,hu,1,YAO,hop,1,0.9414880887,0.0164075993,4.1100106790,1.3873368046,0.3273859414,2.6000000000,21.8436055139,29.0152878031,11.9459435270,0.4984605227,1,miao_yao
breast,BUNU,kon,3,HMONG_NJUA,kua,3,-2.8521728958,0.2104404568,1.5585525316,2.4091249882,0.8792636061,2.6666666667,23.5107610525,23.0851012013,0.4656096340,0.7582855198,1,miao_yao
breast,BUNU,kon,3,XIANGXI_HMONG,ma,2,-8.6103708851,0.7234910277,0.3236671342,1.8598904808,0.6205176047,2.6666666667,23.5107610525,18.4236528879,0.0000000000,0.7582855198,0,miao_yao
breast,HMONG_NJUA,kua,3,XIANGXI_HMONG,ma,2,-6.0045490958,0.5562080537,0.5866128574,2.1722763134,0.7757756101,2.6666666667,25.3964688921,18.4236528879,4.6913101946,0.7582855198,0,miao_yao
name,BUNU,mp~e83,1,HMONG_NJUA,mp~e,1,1.0620039976,0.0440456770,3.1225280699,2.4091249882,0.8792636061,3.5000000000,57.9744594208,30.4371305719,7.7084758752,0.1224068745,1,miao_yao
name,BUNU,mp~e83,1,HMU,zanpi,1,-8.6402101925,0.6792611251,0.3867496523,2.0381907471,0.7120625257,3.5000000000,57.9744594208,48.2590219953,0.0000000000,0.1224068745,1,miao_yao
name,BUNU,mp~e83,1,SHE_CHINA,mui,2,-3.2303650065,0.2141057935,1.5412850242,1.3750164021,0.3184656598,3.5000000000,57.9744594208,26.1448580577,0.0000000000,0.1224068745,0,miao_yao
name,BUNU,mp~e83,1,XIANGXI_HMONG,mp~u,1,-1.7364230379,0.0897226754,2.4110317507,1.8598904808,0.6205176047,3.5000000000,57.9744594208,36.5949814672,0.4680804712,0.1224068745,1,miao_yao
name,BUNU,mp~e83,1,YAO,meNbw~o,1,2.4702965430,0.0067170445,5.0031070277,1.5801740653,0.4575350089,3.5000000000,57.9744594208,53.2582957593,0.0000000000,0.1224068745,1,miao_yao
name,HMONG_NJUA,mp~e,1,HMU,zanpi,1,-7.1905343033,0.6062176166,0.5005162541,2.2160651411,0.7957331643,3.5000000000,34.1294490842,48.2590219953,0.0000000000,0.1224068745,1,miao_yao
name,HMONG_NJUA,mp~e,1,SHE_CHINA,mui,2,0.1716525549,0.0708117444,2.6477304109,1.7527489105,0.5611853615,3.5000000000,34.2325434494,26.1448580577,2.4615855745,0.1224068745,0,miao_yao
name,HMONG_NJUA,mp~e,1,XIANGXI_HMONG,mp~u,1,0.4523915704,0.0494966443,3.0058504037,2.1722763134,0.7757756101,3.5000000000,33.8850372793,36.5949814672,25.6848259057,0.1224068745,1,miao_yao
name,HMONG_NJUA,mp~e,1,YAO,meNbw~o,1,-0.6437276586,0.0734658600,2.6109344707,1.6225418843,0.4839939839,3.5000000000,29.6591956769,53.2582957593,8.7832459108,0.1224068745,1,miao_yao
name,HMU,zanpi,1,SHE_CHINA,mui,2,-7.1426121793,0.5685053381,0.5647445761,1.8617727617,0.6215291315,3.5000000000,54.0598593266,26.1448580577,0.0000000000,0.1224068745,0,miao_yao
name,HMU,zanpi,1,XIANGXI_HMONG,mp~u,1,-8.2808464199,0.7545375972,0.2816501714,2.6482712019,0.9739070505,3.5000000000,56.9730392091,36.5949814672,0.0000000000,0.1224068745,1,miao_yao
name,HMU,zanpi,1,YAO,meNbw~o,1,-10.0628295218,0.8104982206,0.2101061332,1.4316038006,0.3587953547,3.5000000000,47.9983223675,53.2582957593,1.1910325044,0.1224068745,1,miao_yao
name,SHE_CHINA,mui,2,XIANGXI_HMONG,mp~u,1,3.6784725301,0.0051813472,5.2626901889,1.9779037438,0.6820375686,3.5000000000,30.1797361966,36.5949814672,12.4442039110,0.1224068745,0,miao_yao
name,SHE_CHINA,mui,2,YAO,meNbw~o,1,-4.7215329241,0.2775800712,1.2816458426,1.7465279216,0.5576297723,3.5000000000,24.5029836609,53.2582957593,3.5666901372,0.1224068745,0,miao_yao
name,XIANGXI_HMONG,mp~u,1,YAO,meNbw~o,1,-2.2285050019,0.0924006908,2.3816208237,1.3873368046,0.3273859414,3.5000000000,32.7099476362,53.2582957593,0.7294120553,0.1224068745,1,miao_yao
hear,BUNU,T3n,2,HMONG_NJUA,non,3,-4.9748732089,0.3825448613,0.9609093480,2.4091249882,0.8792636061,3.0000000000,26.5425719237,22.1626428036,5.9110269052,0.3940525434,0,miao_yao
hear,BUNU,T3n,2,HMU,nh~an,1,-4.8215890760,0.3190596138,1.1423773166,2.0381907471,0.7120625257,3.0000000000,26.5425719237,37.0052257121,4.3553360362,0.3940525434,0,miao_yao
hear,BUNU,T3n,2,SHE_CHINA,kuN,4,-1.3045653048,0.1032745592,2.2703642140,1.3750164021,0.3184656598,3.0000000000,26.5425719237,23.5847474783,0.1902081317,0.3940525434,0,miao_yao
hear,BUNU,T3n,2,XIANGXI_HMONG,ton,2,1.9936066464,0.0106035889,4.5465627590,1.8598904808,0.6205176047,3.0000000000,26.5425719237,24.8425604186,2.8770756244,0.3940525434,1,miao_yao
hear,BUNU,T3n,2,YAO,mw~aN,5,-5.9136901446,0.3459277918,1.0615252200,1.5801740653,0.4575350089,3.0000000000,26.5425719237,33.6313646804,11.6810846438,0.3940525434,0,miao_yao
hear,HMONG_NJUA,non,3,HMU,nh~an,1,4.1822839106,0.0077720207,4.8572250808,2.2160651411,0.7957331643,3.0000000000,26.1808710960,37.0052257121,10.5059113624,0.3940525434,0,miao_yao
hear,HMONG_NJUA,non,3,SHE_CHINA,kuN,4,-3.2218782503,0.2245250432,1.4937680271,1.7527489105,0.5611853615,3.0000000000,22.3362302501,23.5847474783,5.6509302016,0.3940525434,0,miao_yao
hear,HMONG_NJUA,non,3,XIANGXI_HMONG,ton,2,1.6221895822,0.0268456376,3.6176519448,2.1722763134,0.7757756101,3.0000000000,25.5157911981,24.8425604186,12.8787089118,0.3940525434,0,miao_yao
hear,HMONG_NJUA,non,3,YAO,mw~aN,5,-1.8570387020,0.1106309421,2.2015554633,1.6225418843,0.4839939839,3.0000000000,24.1104350623,33.6313646804,6.8358757306,0.3940525434,0,miao_yao
hear,HMU,nh~an,1,SHE_CHINA,kuN,4,-6.8367216887,0.5444839858,0.6079167479,1.8617727617,0.6215291315,3.0000000000,33.1106941933,23.5847474783,5.6509302016,0.3940525434,0,miao_yao
hear,HMU,nh~an,1,XIANGXI_HMONG,ton,2,-0.7101882812,0.0760587727,2.5762489127,2.6482712019,0.9739070505,3.0000000000,42.0538605728,24.8425604186,7.7879317661,0.3940525434,0,miao_yao
hear,HMU,nh~an,1,YAO,mw~aN,5,0.7487830872,0.0213523132,3.8465952001,1.4316038006,0.3587953547,3.0000000000,38.8827397972,33.6313646804,12.2536258435,0.3940525434,0,miao_yao
hear,SHE_CHINA,kuN,4,XIANGXI_HMONG,ton,2,0.2947721980,0.0319516408,3.4435317455,1.9779037438,0.6820375686,3.0000000000,26.7610628738,24.8425604186,4.8245636609,0.3940525434,0,miao_yao
hear,SHE_CHINA,kuN,4,YAO,mw~aN,5,-4.8309065294,0.2864768683,1.2500974849,1.7465279216,0.5576297723,3.0000000000,25.2109334051,33.6313646804,8.8052628937,0.3940525434,0,miao_yao
hear,XIANGXI_HMONG,ton,2,YAO,mw~aN,5,-4.4943938827,0.2288428325,1.4747198321,1.3873368046,0.3273859414,3.0000000000,23.7974431699,33.6313646804,3.8565907534,0.3940525434,0,miao_yao
see,BUNU,nk~on,3,HMONG_NJUA,ma,2,-5.3524135072,0.4135399674,0.8830011129,2.4091249882,0.8792636061,2.8333333333,40.4492225366,15.2500963258,0.0000000000,0.4626272784,0,miao_yao
see,BUNU,nk~on,3,HMU,Th~i,1,-12.4958309705,0.9479429051,0.0534610052,2.0381907471,0.7120625257,2.8333333333,40.4492225366,30.9824516742,0.0000000000,0.4626272784,0,miao_yao
see,BUNU,nk~on,3,SHE_CHINA,mo,2,-3.0200356438,0.1989924433,1.6144884282,1.3750164021,0.3184656598,2.8333333333,40.4492225366,17.1218747009,0.0000000000,0.4626272784,0,miao_yao
see,BUNU,nk~on,3,XIANGXI_HMONG,tTinqh$e,1,-12.3868120249,0.9510603589,0.0501777496,1.8598904808,0.6205176047,2.8333333333,40.4492225366,71.2525145495,5.5568840829,0.4626272784,0,miao_yao
see,BUNU,nk~on,3,YAO,maN,2,-1.8570387020,0.1015952981,2.2867580238,1.5801740653,0.4575350089,2.8333333333,40.4492225366,22.8324538914,13.2601492333,0.4626272784,0,miao_yao
see,HMONG_NJUA,ma,2,HMU,Th~i,1,-9.4100011772,0.8272884283,0.1896018802,2.2160651411,0.7957331643,2.8333333333,18.9581701005,30.9824516742,0.0000000000,0.4626272784,0,miao_yao
see,HMONG_NJUA,ma,2,SHE_CHINA,mo,2,2.5867932050,0.0164075993,4.1100106790,1.7527489105,0.5611853615,2.8333333333,15.9985131843,17.1218747009,8.0921932286,0.4626272784,1,miao_yao
see,HMONG_NJUA,ma,2,XIANGXI_HMONG,tTinqh$e,1,-7.9596738780,0.7575503356,0.2776652942,2.1722763134,0.7757756101,2.8333333333,18.4236528879,71.2525145495,0.0000000000,0.4626272784,0,miao_yao
see,HMONG_NJUA,ma,2,YAO,maN,2,2.6995870720,0.0155574762,4.1632139693,1.6225418843,0.4839939839,2.8333333333,14.0106009270,22.8324538914,13.4215718433,0.4626272784,1,miao_yao
see,HMU,Th~i,1,SHE_CHINA,mo,2,-9.7314889126,0.8024911032,0.2200345104,1.8617727617,0.6215291315,2.8333333333,31.8013948018,17.1218747009,0.0000000000,0.4626272784,0,miao_yao
see,HMU,Th~i,1,XIANGXI_HMONG,tTinqh$e,1,-1.1662949701,0.0959377701,2.3440555259,2.6482712019,0.9739070505,2.8333333333,39.1181592391,71.2525145495,8.5412556608,0.4626272784,1,miao_yao
see,HMU,Th~i,1,YAO,maN,2,-11.9030290994,0.9297153025,0.0728768661,1.4316038006,0.3587953547,2.8333333333,30.7682173561,22.8324538914,0.0000000000,0.4626272784,0,miao_yao
see,SHE_CHINA,mo,2,XIANGXI_HMONG,tTinqh$e,1,-8.5509901328,0.7271157168,0.3186696439,1.9779037438,0.6820375686,2.8333333333,16.4386431676,71.2525145495,0.0000000000,0.4626272784,0,miao_yao
see,SHE_CHINA,mo,2,YAO,maN,2,0.0937652828,0.0524911032,2.9471115865,1.7465279216,0.5576297723,2.8333333333,15.3724113354,22.8324538914,6.6056822017,0.4626272784,1,miao_yao
see,XIANGXI_HMONG,tTinqh$e,1,YAO,maN,2,-10.4527018002,0.8367875648,0.1781850462,1.3873368046,0.3273859414,2.8333333333,66.8054646949,22.8324538914,0.0000000000,0.4626272784,0,miao_yao
full,BUNU,Ten,2,HMONG_NJUA,po,1,-10.4456402356,0.8817292007,0.1258702989,2.4091249882,0.8792636061,2.5000000000,25.1037752596,16.0229869950,0.0000000000,0.0035451989,0,miao_yao
full,BUNU,Ten,2,HMU,pe,1,-6.8583273649,0.5121746432,0.6690896122,2.0381907471,0.7120625257,2.5000000000,25.1037752596,17.4207189677,0.0000000000,0.0035451989,0,miao_yao
full,BUNU,Ten,2,SHE_CHINA,paN,1,-6.3589491756,0.5138539043,0.6658162868,1.3750164021,0.3184656598,2.5000000000,25.1037752596,23.9517875731,5.9728209959,0.0035451989,0,miao_yao
full,BUNU,Ten,2,XIANGXI_HMONG,pe,1,-6.8583273649,0.5285481240,0.6376214201,1.8598904808,0.6205176047,2.5000000000,25.1037752596,16.5847092902,0.0000000000,0.0035451989,0,miao_yao
full,BUNU,Ten,2,YAO,pw~aN,1,-6.3589491756,0.3778337531,0.9733009866,1.5801740653,0.4575350089,2.5000000000,25.1037752596,33.0282976211,9.6079699337,0.0035451989,0,miao_yao
full,HMONG_NJUA,po,1,HMU,pe,1,1.9516951117,0.0198618307,3.9189554422,2.2160651411,0.7957331643,2.5000000000,18.7925021565,17.4207189677,9.0259960001,0.0035451989,1,miao_yao
full,HMONG_NJUA,po,1,SHE_CHINA,paN,1,0.3720096891,0.0569948187,2.8647949161,1.7527489105,0.5611853615,2.5000000000,17.1218747009,23.9517875731,8.3921932286,0.0035451989,1,miao_yao
full,HMONG_NJUA,po,1,XIANGXI_HMONG,pe,1,1.9516951117,0.0226510067,3.7875509816,2.1722763134,0.7757756101,2.5000000000,16.4386431676,16.5847092902,8.3844979167,0.0035451989,1,miao_yao
full,HMONG_NJUA,po,1,YAO,pw~aN,1,0.3720096891,0.0406222990,3.2034381255,1.6225418843,0.4839939839,2.5000000000,14.7693442761,33.0282976211,1.4582738736,0.0035451989,1,miao_yao
full,HMU,pe,1,SHE_CHINA,paN,1,0.0499834443,0.0400355872,3.2179865407,1.8617727617,0.6215291315,2.5000000000,19.2243971546,23.9517875731,8.3921932286,0.0035451989,1,miao_yao
full,HMU,pe,1,XIANGXI_HMONG,pe,1,5.5390079824,0.0077787381,4.8563611499,2.6482712019,0.9739070505,2.5000000000,16.5847092902,16.5847092902,16.5847092902,0.0035451989,1,miao_yao
full,HMU,pe,1,YAO,pw~aN,1,0.0499834443,0.0364768683,3.3110769637,1.4316038006,0.3587953547,2.5000000000,14.8069490660,33.0282976211,1.4582738736,0.0035451989,1,miao_yao
full,SHE_CHINA,paN,1,XIANGXI_HMONG,pe,1,0.0499834443,0.0345423143,3.3655702040,1.9779037438,0.6820375686,2.5000000000,28.4544758615,16.5847092902,8.6844979167,0.0035451989,1,miao_yao
full,SHE_CHINA,paN,1,YAO,pw~aN,1,9.2829462445,0.0017793594,6.3315018499,1.7465279216,0.5576297723,2.5000000000,22.2293868321,33.0282976211,16.3531166857,0.0035451989,1,miao_yao
full,XIANGXI_HMONG,pe,1,YAO,pw~aN,1,0.0499834443,0.0336787565,3.3908880120,1.3873368046,0.3273859414,2.5000000000,14.8069490660,33.0282976211,1.4582738736,0.0035451989,1,miao_yao
star,BUNU,takuna,1,HMONG_NJUA,hn~oqo,1,-7.1912617465,0.6125611746,0.4901064647,2.4091249882,0.8792636061,5.1666666667,54.0873529277,53.8594021319,0.0000000000,0.0843517437,1,miao_yao
star,BUNU,takuna,1,HMU,tEqE,1,0.3910488551,0.0394626364,3.2324009676,2.0381907471,0.7120625257,5.1666666667,54.0873529277,38.9619706046,6.5361326191,0.0843517437,1,miao_yao
star,BUNU,takuna,1,SHE_CHINA,neitaN,1,-5.7474934811,0.4601175483,0.7762732824,1.3750164021,0.3184656598,5.1666666667,54.0873529277,55.1107428471,0.8019704757,0.0843517437,1,miao_yao
star,BUNU,takuna,1,XIANGXI_HMONG,teteqelh~a,1,-2.5255667838,0.1321370310,2.0239157813,1.8598904808,0.6205176047,5.1666666667,54.0873529277,89.9851567524,8.9342412912,0.0843517437,1,miao_yao
star,BUNU,takuna,1,YAO,Lei,2,-10.8163852140,0.8320738875,0.1838340350,1.5801740653,0.4575350089,5.1666666667,54.0873529277,25.2832502563,0.0000000000,0.0843517437,0,miao_yao
star,HMONG_NJUA,hn~oqo,1,HMU,tEqE,1,-1.5235950603,0.1122625216,2.1869152077,2.2160651411,0.7957331643,5.1666666667,57.9583407954,38.9619706046,8.4280060935,0.0843517437,1,miao_yao
star,HMONG_NJUA,hn~oqo,1,SHE_CHINA,neitaN,1,-12.8561963436,0.9749568221,0.0253620940,1.7527489105,0.5611853615,5.1666666667,52.5658405761,55.1107428471,0.0000000000,0.0843517437,1,miao_yao
star,HMONG_NJUA,hn~oqo,1,XIANGXI_HMONG,teteqelh~a,1,-9.0148460463,0.8640939597,0.1460737664,2.1722763134,0.7757756101,5.1666666667,53.8574200103,89.9851567524,1.1886459580,0.0843517437,1,miao_yao
star,HMONG_NJUA,hn~oqo,1,YAO,Lei,2,-10.5119533285,0.8643042351,0.1458304482,1.6225418843,0.4839939839,5.1666666667,55.4419392482,25.2832502563,0.0000000000,0.0843517437,0,miao_yao
star,HMU,tEqE,1,SHE_CHINA,neitaN,1,-5.5276358196,0.3950177936,0.9288244680,1.8617727617,0.6215291315,5.1666666667,41.6111369307,55.1107428471,5.0990442052,0.0843517437,1,miao_yao
star,HMU,tEqE,1,XIANGXI_HMONG,teteqelh~a,1,1.3063570848,0.0388936906,3.2469232374,2.6482712019,0.9739070505,5.1666666667,34.5029202119,89.9851567524,25.5846383391,0.0843517437,1,miao_yao
star,HMU,tEqE,1,YAO,Lei,2,-5.0855766439,0.2793594306,1.2752560445,1.4316038006,0.3587953547,5.1666666667,36.7062114568,25.2832502563,2.8885716446,0.0843517437,0,miao_yao
star,SHE_CHINA,neitaN,1,XIANGXI_HMONG,teteqelh~a,1,-6.7439461384,0.5405872193,0.6150992870,1.9779037438,0.6820375686,5.1666666667,56.1976669477,89.9851567524,4.7492646855,0.0843517437,1,miao_yao
star,SHE_CHINA,neitaN,1,YAO,Lei,2,-4.1617286340,0.2224199288,1.5031881126,1.7465279216,0.5576297723,5.1666666667,52.5928828458,25.2832502563,10.9682161541,0.0843517437,0,miao_yao
star,XIANGXI_HMONG,teteqelh~a,1,YAO,Lei,2,-10.1415397940,0.8100172712,0.2106997091,1.3873368046,0.3273859414,5.1666666667,90.2992160124,25.2832502563,1.0263497946,0.0843517437,0,miao_yao
come,BUNU,lo,1,HMONG_NJUA,lo,1,5.2928616220,0.0048939641,5.3197526473,2.4091249882,0.8792636061,2.1666666667,21.0336405029,18.7702553296,3.2491106152,0.1296304162,1,miao_yao
come,BUNU,lo,1,HMU,lo,1,5.2928616220,0.0050377834,5.2907891001,2.0381907471,0.7120625257,2.1666666667,21.0336405029,19.8064371578,4.4556470514,0.1296304162,1,miao_yao
come,BUNU,lo,1,SHE_CHINA,n3,1,-1.9234130392,0.1293031066,2.0455959669,1.3750164021,0.3184656598,2.1666666667,21.0336405029,17.2048766471,0.0000000000,0.1296304162,1,miao_yao
come,BUNU,lo,1,XIANGXI_HMONG,lo,1,5.2928616220,0.0016313214,6.4183649359,1.8598904808,0.6205176047,2.1666666667,21.0336405029,18.1719765009,4.6743265695,0.1296304162,1,miao_yao
come,BUNU,lo,1,YAO,tai,2,-6.8824283282,0.4408060453,0.8191503068,1.5801740653,0.4575350089,2.1666666667,21.0336405029,21.6134192696,0.0000000000,0.1296304162,0,miao_yao
come,HMONG_NJUA,lo,1,HMU,lo,1,5.2928616220,0.0034542314,5.6681552970,2.2160651411,0.7957331643,2.1666666667,19.8064371578,19.8064371578,19.8064371578,0.1296304162,1,miao_yao
come,HMONG_NJUA,lo,1,SHE_CHINA,n3,1,-1.9234130392,0.1407599309,1.9606994573,1.7527489105,0.5611853615,2.1666666667,20.9949478072,17.2048766471,0.0000000000,0.1296304162,1,miao_yao
come,HMONG_NJUA,lo,1,XIANGXI_HMONG,lo,1,5.2928616220,0.0033557047,5.6970934865,2.1722763134,0.7757756101,2.1666666667,18.1719765009,18.1719765009,18.1719765009,0.1296304162,1,miao_yao
come,HMONG_NJUA,lo,1,YAO,tai,2,-6.8824283282,0.4917891098,0.7097052931,1.6225418843,0.4839939839,2.1666666667,17.2460059940,21.6134192696,0.0000000000,0.1296304162,0,miao_yao
come,HMU,lo,1,SHE_CHINA,n3,1,-1.9234130392,0.1120996441,2.1883671235,1.8617727617,0.6215291315,2.1666666667,19.2616144738,17.2048766471,0.0000000000,0.1296304162,1,miao_yao
come,HMU,lo,1,XIANGXI_HMONG,lo,1,5.2928616220,0.0077787381,4.8563611499,2.6482712019,0.9739070505,2.1666666667,18.1719765009,18.1719765009,18.1719765009,0.1296304162,1,miao_yao
come,HMU,lo,1,YAO,tai,2,-6.8824283282,0.4733096085,0.7480055411,1.4316038006,0.3587953547,2.1666666667,17.2460059940,21.6134192696,0.0000000000,0.1296304162,0,miao_yao
come,SHE_CHINA,n3,1,XIANGXI_HMONG,lo,1,-1.9234130392,0.0872193437,2.4393291413,1.9779037438,0.6820375686,2.1666666667,15.6706600073,18.1719765009,0.0000000000,0.1296304162,1,miao_yao
come,SHE_CHINA,n3,1,YAO,tai,2,-5.2577058015,0.3211743772,1.1357710721,1.7465279216,0.5576297723,2.1666666667,19.8067885558,21.6134192696,0.0000000000,0.1296304162,0,miao_yao
come,XIANGXI_HMONG,lo,1,YAO,tai,2,-6.8824283282,0.4559585492,0.7853533744,1.3873368046,0.3273859414,2.1666666667,17.2460059940,21.6134192696,0.0000000000,0.1296304162,0,miao_yao
dog,BUNU,tle,1,HMONG_NJUA,tle,1,9.4243109757,0.0008156607,7.1115121165,2.4091249882,0.8792636061,2.8333333333,29.1580447139,26.4946823316,14.5423016699,0.0525368326,1,miao_yao
dog,BUNU,tle,1,HMU,lh~a,1,0.1454295916,0.0445004198,3.1122566558,2.0381907471,0.7120625257,2.8333333333,29.1580447139,30.6307917739,0.0000000000,0.0525368326,1,miao_yao
dog,BUNU,tle,1,SHE_CHINA,ky~a,1,-4.6118218798,0.3392107473,1.0811336914,1.3750164021,0.3184656598,2.8333333333,29.1580447139,27.4370699975,0.0000000000,0.0525368326,1,miao_yao
dog,BUNU,tle,1,XIANGXI_HMONG,taqw~3,1,-0.9220031760,0.0546492659,2.9068194971,1.8598904808,0.6205176047,2.8333333333,29.1580447139,49.3840705475,0.0000000000,0.0525368326,1,miao_yao
dog,BUNU,tle,1,YAO,tTu,1,0.2712678070,0.0394626364,3.2324009676,1.5801740653,0.4575350089,2.8333333333,29.1580447139,27.6051982511,0.0000000000,0.0525368326,1,miao_yao
dog,HMONG_NJUA,tle,1,HMU,lh~a,1,0.1454295916,0.0535405872,2.9273152731,2.2160651411,0.7957331643,2.8333333333,29.0467149677,30.6307917739,0.0000000000,0.0525368326,1,miao_yao
dog,HMONG_NJUA,tle,1,SHE_CHINA,ky~a,1,-4.6118218798,0.3549222798,1.0358564436,1.7527489105,0.5611853615,2.8333333333,32.3198021848,27.4370699975,0.0000000000,0.0525368326,1,miao_yao
dog,HMONG_NJUA,tle,1,XIANGXI_HMONG,taqw~3,1,-0.9220031760,0.0914429530,2.3920399654,2.1722763134,0.7757756101,2.8333333333,29.4089681510,49.3840705475,1.6909255274,0.0525368326,1,miao_yao
dog,HMONG_NJUA,tle,1,YAO,tTu,1,0.2712678070,0.0414866033,3.1823847163,1.6225418843,0.4839939839,2.8333333333,26.3602679297,27.6051982511,2.6698690074,0.0525368326,1,miao_yao
dog,HMU,lh~a,1,SHE_CHINA,ky~a,1,-2.0735775385,0.1192170819,2.1268092305,1.8617727617,0.6215291315,2.8333333333,30.0360784170,27.4370699975,7.1627412620,0.0525368326,1,miao_yao
dog,HMU,lh~a,1,XIANGXI_HMONG,taqw~3,1,-5.8843981125,0.4710458081,0.7527999325,2.6482712019,0.9739070505,2.8333333333,34.7100458757,49.3840705475,4.3329461594,0.0525368326,1,miao_yao
dog,HMU,lh~a,1,YAO,tTu,1,-6.4028657371,0.4172597865,0.8740462620,1.4316038006,0.3587953547,2.8333333333,32.0183107289,27.6051982511,0.0000000000,0.0525368326,1,miao_yao
dog,SHE_CHINA,ky~a,1,XIANGXI_HMONG,taqw~3,1,-3.3897055020,0.1692573402,1.7763349989,1.9779037438,0.6820375686,2.8333333333,31.4262339657,49.3840705475,5.2330257028,0.0525368326,1,miao_yao
dog,SHE_CHINA,ky~a,1,YAO,tTu,1,-6.8154460456,0.4795373665,0.7349334595,1.7465279216,0.5576297723,2.8333333333,25.0766185976,27.6051982511,0.0000000000,0.0525368326,1,miao_yao
dog,XIANGXI_HMONG,taqw~3,1,YAO,tTu,1,-2.9263826947,0.1243523316,2.0846363586,1.3873368046,0.3273859414,2.8333333333,44.7793190336,27.6051982511,0.8421944052,0.0525368326,1,miao_yao
fire,BUNU,katu,1,HMONG_NJUA,teu,1,0.1335363286,0.0652528548,2.7294854818,2.4091249882,0.8792636061,3.0000000000,32.5693243198,22.7871366064,0.0000000000,0.2480072128,1,miao_yao
fire,BUNU,katu,1,HMU,tu,1,2.6265642509,0.0218303946,3.8244520313,2.0381907471,0.7120625257,3.0000000000,32.5693243198,19.7120609988,4.9265098871,0.2480072128,1,miao_yao
fire,BUNU,katu,1,SHE_CHINA,th~o,1,0.1310500313,0.0495382032,3.0050111254,1.3750164021,0.3184656598,3.0000000000,32.5693243198,30.8644096075,1.8258635241,0.2480072128,1,miao_yao
fire,BUNU,katu,1,XIANGXI_HMONG,py~it3,1,-5.5166109572,0.4021207178,0.9110029425,1.8598904808,0.6205176047,3.0000000000,32.5693243198,54.0609102413,2.2031505553,0.2480072128,1,miao_yao
fire,BUNU,katu,1,YAO,tou,1,0.1335363286,0.0419815281,3.1705255639,1.5801740653,0.4575350089,3.0000000000,32.5693243198,23.6675934612,0.0000000000,0.2480072128,1,miao_yao
fire,HMONG_NJUA,teu,1,HMU,tu,1,4.3322959071,0.0051813472,5.2626901889,2.2160651411,0.7957331643,3.0000000000,26.8800483011,19.7120609988,13.9620609988,0.2480072128,1,miao_yao
fire,HMONG_NJUA,teu,1,SHE_CHINA,th~o,1,1.8367816875,0.0302245250,3.4991015966,1.7527489105,0.5611853615,3.0000000000,28.4362000888,30.8644096075,3.7389926044,0.2480072128,1,miao_yao
fire,HMONG_NJUA,teu,1,XIANGXI_HMONG,py~it3,1,-3.5756275831,0.2768456376,1.2842951932,2.1722763134,0.7757756101,3.0000000000,24.4950331497,54.0609102413,0.0000000000,0.2480072128,1,miao_yao
fire,HMONG_NJUA,teu,1,YAO,tou,1,5.3627410657,0.0025929127,5.9549734385,1.6225418843,0.4839939839,3.0000000000,23.7051982511,23.6675934612,14.6008643276,0.2480072128,1,miao_yao
fire,HMU,tu,1,SHE_CHINA,th~o,1,4.3298096098,0.0035587189,5.6383546693,1.8617727617,0.6215291315,3.0000000000,18.3387298279,30.8644096075,4.6543339236,0.2480072128,1,miao_yao
fire,HMU,tu,1,XIANGXI_HMONG,py~it3,1,-1.0825996609,0.0907519447,2.3996253770,2.6482712019,0.9739070505,3.0000000000,17.6677477555,54.0609102413,0.0000000000,0.2480072128,1,miao_yao
fire,HMU,tu,1,YAO,tou,1,4.3322959071,0.0008896797,7.0246490305,1.4316038006,0.3587953547,3.0000000000,16.1065230587,23.6675934612,10.3565230587,0.2480072128,1,miao_yao
fire,SHE_CHINA,th~o,1,XIANGXI_HMONG,py~it3,1,-0.8001546401,0.0500863558,2.9940066476,1.9779037438,0.6820375686,3.0000000000,29.8207234029,54.0609102413,0.0000000000,0.2480072128,1,miao_yao
fire,SHE_CHINA,th~o,1,YAO,tou,1,3.0799665232,0.0124555160,4.3855917008,1.7465279216,0.5576297723,3.0000000000,26.6817513391,23.6675934612,8.3531590053,0.2480072128,1,miao_yao
fire,XIANGXI_HMONG,py~it3,1,YAO,tou,1,-3.2931825623,0.1442141623,1.9364558457,1.3873368046,0.3273859414,3.0000000000,49.3192367895,23.6675934612,0.0000000000,0.2480072128,1,miao_yao
fish,BUNU,nc~e,1,HMONG_NJUA,nc~e,1,4.4904921944,0.0057096248,5.1656019674,2.4091249882,0.8792636061,2.6666666667,29.5830411773,29.6969796609,25.0173294565,0.1971974500,1,miao_yao
fish,BUNU,nc~e,1,HMU,zE,1,-2.8593837166,0.1502938707,1.8951627635,2.0381907471,0.7120625257,2.6666666667,29.5830411773,17.4207189677,0.0000000000,0.1971974500,1,miao_yao
fish,BUNU,nc~e,1,SHE_CHINA,py~a,1,-6.0765163381,0.4861460957,0.7212460918,1.3750164021,0.3184656598,2.6666666667,29.5830411773,28.8669197061,0.0000000000,0.1971974500,1,miao_yao
fish,BUNU,nc~e,1,XIANGXI_HMONG,tamz3,1,-9.2023626796,0.7789559543,0.2498007760,1.8598904808,0.6205176047,2.6666666667,29.5830411773,44.6187190518,2.5807446947,0.1971974500,1,miao_yao
fish,BUNU,nc~e,1,YAO,by~au,1,-10.2244295621,0.7816960537,0.2462892921,1.5801740653,0.4575350089,2.6666666667,29.5830411773,33.2798185418,0.0000000000,0.1971974500,1,miao_yao
fish,HMONG_NJUA,nc~e,1,HMU,zE,1,-2.8593837166,0.1804835924,1.7121154062,2.2160651411,0.7957331643,2.6666666667,30.5407742492,17.4207189677,3.1762003918,0.1971974500,1,miao_yao
fish,HMONG_NJUA,nc~e,1,SHE_CHINA,py~a,1,-6.0765163381,0.4835924007,0.7265128744,1.7527489105,0.5611853615,2.6666666667,31.4936246098,28.8669197061,0.0000000000,0.1971974500,1,miao_yao
fish,HMONG_NJUA,nc~e,1,XIANGXI_HMONG,tamz3,1,-9.2023626796,0.8716442953,0.1373738565,2.1722763134,0.7757756101,2.6666666667,30.9739384401,44.6187190518,0.0000000000,0.1971974500,1,miao_yao
fish,HMONG_NJUA,nc~e,1,YAO,by~au,1,-10.2244295621,0.8383751080,0.1762896557,1.6225418843,0.4839939839,2.6666666667,29.5753664396,33.2798185418,0.0000000000,0.1971974500,1,miao_yao
fish,HMU,zE,1,SHE_CHINA,py~a,1,-6.7571924255,0.5311387900,0.6327319171,1.8617727617,0.6215291315,2.6666666667,21.5157391858,28.8669197061,0.0000000000,0.1971974500,1,miao_yao
fish,HMU,zE,1,XIANGXI_HMONG,tamz3,1,-1.7104191422,0.1253241141,2.0768519848,2.6482712019,0.9739070505,2.6666666667,20.0513759569,44.6187190518,0.0000000000,0.1971974500,1,miao_yao
fish,HMU,zE,1,YAO,by~au,1,-9.4387685808,0.7695729537,0.2619195235,1.4316038006,0.3587953547,2.6666666667,17.8514068579,33.2798185418,0.0000000000,0.1971974500,1,miao_yao
fish,SHE_CHINA,py~a,1,XIANGXI_HMONG,tamz3,1,-7.7444453523,0.6666666667,0.4054651081,1.9779037438,0.6820375686,2.6666666667,33.9906475436,44.6187190518,4.3329461594,0.1971974500,1,miao_yao
fish,SHE_CHINA,py~a,1,YAO,by~au,1,0.0045064885,0.0560498221,2.8815143041,1.7465279216,0.5576297723,2.6666666667,24.5878152861,33.2798185418,23.9987862024,0.1971974500,1,miao_yao
fish,XIANGXI_HMONG,tamz3,1,YAO,by~au,1,-8.8128993609,0.6943005181,0.3648503890,1.3873368046,0.3273859414,2.6666666667,50.7907653495,33.2798185418,0.0006644500,0.1971974500,1,miao_yao
leaf,BUNU,nt~Lan,1,HMONG_NJUA,mpl$on,1,-5.8817559282,0.4926590538,0.7079379186,2.4091249882,0.8792636061,3.0000000000,46.5820867507,47.6265892196,5.9222836550,0.2139461954,1,miao_yao
leaf,BUNU,nt~Lan,1,HMU,nu,1,-5.6951844317,0.4005037783,0.9150320785,2.0381907471,0.7120625257,3.0000000000,46.5820867507,17.5932474685,4.3553360362,0.2139461954,1,miao_yao
leaf,BUNU,nt~Lan,1,SHE_CHINA,pyoN,1,-5.9977694643,0.4794290512,0.7351593597,1.3750164021,0.3184656598,3.0000000000,46.5820867507,35.7673423183,5.1244730483,0.2139461954,1,miao_yao
leaf,BUNU,nt~Lan,1,XIANGXI_HMONG,n3,1,-2.8582615319,0.1525285481,1.8804034996,1.8598904808,0.6205176047,3.0000000000,46.5820867507,15.6706600073,5.5883331207,0.2139461954,1,miao_yao
leaf,BUNU,nt~Lan,1,YAO,nom,1,-2.9866514199,0.1612090680,1.8250531973,1.5801740653,0.4575350089,3.0000000000,46.5820867507,24.1942642997,5.7590439443,0.2139461954,1,miao_yao
leaf,HMONG_NJUA,mpl$on,1,HMU,nu,1,-4.3260254134,0.3074265976,1.1795189273,2.2160651411,0.7957331643,3.0000000000,54.2472114070,17.5932474685,7.1953891195,0.2139461954,1,miao_yao
leaf,HMONG_NJUA,mpl$on,1,SHE_CHINA,pyoN,1,3.7067344354,0.0060449050,5.1085395091,1.7527489105,0.5611853615,3.0000000000,48.1962872770,35.7673423183,17.3553754738,0.2139461954,1,miao_yao
leaf,HMONG_NJUA,mpl$on,1,XIANGXI_HMONG,n3,1,-4.3260254134,0.3481543624,1.0551093274,2.1722763134,0.7757756101,3.0000000000,53.5272180263,15.6706600073,7.7879317661,0.2139461954,1,miao_yao
leaf,HMONG_NJUA,mpl$on,1,YAO,nom,1,-5.7322575509,0.3984442524,0.9201876842,1.6225418843,0.4839939839,3.0000000000,44.6377827237,24.1942642997,6.9100323637,0.2139461954,1,miao_yao
leaf,HMU,nu,1,SHE_CHINA,pyoN,1,-7.3951722739,0.5951957295,0.5188649703,1.8617727617,0.6215291315,3.0000000000,14.3224039583,35.7673423183,5.6509302016,0.2139461954,1,miao_yao
leaf,HMU,nu,1,XIANGXI_HMONG,n3,1,1.6920651589,0.0354364736,3.3400136605,2.6482712019,0.9739070505,3.0000000000,18.3409785350,15.6706600073,7.4308229736,0.2139461954,1,miao_yao
leaf,HMU,nu,1,YAO,nom,1,0.4126869288,0.0258007117,3.6573532005,1.4316038006,0.3587953547,3.0000000000,16.4195149511,24.1942642997,6.5218529643,0.2139461954,1,miao_yao
leaf,SHE_CHINA,pyoN,1,XIANGXI_HMONG,n3,1,-7.3951722739,0.6053540587,0.5019417711,1.9779037438,0.6820375686,3.0000000000,39.1872973912,15.6706600073,7.7879317661,0.2139461954,1,miao_yao
leaf,SHE_CHINA,pyoN,1,YAO,nom,1,-4.6219657881,0.2731316726,1.2978012829,1.7465279216,0.5576297723,3.0000000000,32.8833070426,24.1942642997,6.8358757306,0.2139461954,1,miao_yao
leaf,XIANGXI_HMONG,n3,1,YAO,nom,1,-0.5185177426,0.0423143351,3.1626293600,1.3873368046,0.3273859414,3.0000000000,19.8067885558,24.1942642997,6.5218529643,0.2139461954,1,miao_yao
mountain,BUNU,8au,4,HMONG_NJUA,ton,3,-4.4482007047,0.3417618271,1.0736411966,2.4091249882,0.8792636061,3.5000000000,22.5712676492,23.3587200180,0.0000000000,0.2553299756,0,miao_yao
mountain,BUNU,8au,4,HMU,qapo,1,-3.4098915960,0.1914357683,1.6532029404,2.0381907471,0.7120625257,3.5000000000,22.5712676492,36.5491967579,0.0000000000,0.2553299756,0,miao_yao
mountain,BUNU,8au,4,SHE_CHINA,ky~e,5,-9.3244915879,0.7917716205,0.2334822867,1.3750164021,0.3184656598,3.5000000000,22.5712676492,30.6629539678,0.0000000000,0.2553299756,0,miao_yao
mountain,BUNU,8au,4,XIANGXI_HMONG,qozei,2,-4.9306828002,0.3442088091,1.0665068025,1.8598904808,0.6205176047,3.5000000000,22.5712676492,41.5571606178,0.0388871198,0.2553299756,0,miao_yao
mountain,BUNU,8au,4,YAO,tTim,6,-8.6335911881,0.6146095718,0.4867680554,1.5801740653,0.4575350089,3.5000000000,22.5712676492,35.8185166695,0.0000000000,0.2553299756,0,miao_yao
mountain,HMONG_NJUA,ton,3,HMU,qapo,1,-6.1001177631,0.4930915371,0.7070604485,2.2160651411,0.7957331643,3.5000000000,28.2996846263,36.5491967579,4.2210790242,0.2553299756,0,miao_yao
mountain,HMONG_NJUA,ton,3,SHE_CHINA,ky~e,5,-5.2031381345,0.3963730570,0.9253994481,1.7527489105,0.5611853615,3.5000000000,26.3525561196,30.6629539678,0.0000000000,0.2553299756,0,miao_yao
mountain,HMONG_NJUA,ton,3,XIANGXI_HMONG,qozei,2,-6.7777158712,0.6333892617,0.4566700984,2.1722763134,0.7757756101,3.5000000000,24.8425604186,41.5571606178,0.7416266255,0.2553299756,0,miao_yao
mountain,HMONG_NJUA,ton,3,YAO,tTim,6,-4.0667360570,0.2247191011,1.4929040962,1.6225418843,0.4839939839,3.5000000000,23.7974431699,35.8185166695,0.8421944052,0.2553299756,0,miao_yao
mountain,HMU,qapo,1,SHE_CHINA,ky~e,5,-4.1562021249,0.2428825623,1.4151772353,1.8617727617,0.6215291315,3.5000000000,37.2804798758,30.6629539678,1.0317358659,0.2553299756,0,miao_yao
mountain,HMU,qapo,1,XIANGXI_HMONG,qozei,2,-3.0285784453,0.2039757995,1.5897539222,2.6482712019,0.9739070505,3.5000000000,35.0341992688,41.5571606178,3.6615718043,0.2553299756,0,miao_yao
mountain,HMU,qapo,1,YAO,tTim,6,-9.7241457075,0.7927046263,0.2323046030,1.4316038006,0.3587953547,3.5000000000,34.2552564674,35.8185166695,0.0000000000,0.2553299756,0,miao_yao
mountain,SHE_CHINA,ky~e,5,XIANGXI_HMONG,qozei,2,-3.6532334312,0.2081174439,1.5696527246,1.9779037438,0.6820375686,3.5000000000,29.5872903680,41.5571606178,0.9574508102,0.2553299756,0,miao_yao
mountain,SHE_CHINA,ky~e,5,YAO,tTim,6,-6.7049362850,0.4688612100,0.7574484819,1.7465279216,0.5576297723,3.5000000000,26.4760337958,35.8185166695,0.0000000000,0.2553299756,0,miao_yao
mountain,XIANGXI_HMONG,qozei,2,YAO,tTim,6,-6.6196087905,0.4300518135,0.8438495811,1.3873368046,0.3273859414,3.5000000000,44.5983389125,35.8185166695,0.0000000000,0.2553299756,0,miao_yao
road (path),BUNU,Te,1,HMONG_NJUA,ke,1,0.4915148478,0.0587275693,2.8348459975,2.4091249882,0.8792636061,2.3333333333,16.9969136866,15.4080580344,1.4515733493,0.3111413973,1,miao_yao
road (path),BUNU,Te,1,HMU,ki,1,-2.1045682511,0.1158690176,2.1552948842,2.0381907471,0.7120625257,2.3333333333,16.9969136866,15.3581026654,0.4026507679,0.3111413973,1,miao_yao
road (path),BUNU,Te,1,SHE_CHINA,ka,1,-2.5044817681,0.1570109152,1.8514399525,1.3750164021,0.3184656598,2.3333333333,16.9969136866,14.5686634756,0.0000000000,0.3111413973,1,miao_yao
road (path),BUNU,Te,1,XIANGXI_HMONG,k3,1,-2.4043765998,0.1272430669,2.0616561092,1.8598904808,0.6205176047,2.3333333333,16.9969136866,14.0599213725,0.0000000000,0.3111413973,1,miao_yao
road (path),BUNU,Te,1,YAO,tTau,1,-2.4014268772,0.1326616289,2.0199535363,1.5801740653,0.4575350089,2.3333333333,16.9969136866,33.8044582454,7.6028849800,0.3111413973,1,miao_yao
road (path),HMONG_NJUA,ke,1,HMU,ki,1,2.2117702208,0.0189982729,3.9634072048,2.2160651411,0.7957331643,2.3333333333,15.3019054374,15.3581026654,6.9071824697,0.3111413973,1,miao_yao
road (path),HMONG_NJUA,ke,1,SHE_CHINA,ka,1,1.8118567038,0.0310880829,3.4709307197,1.7527489105,0.5611853615,2.3333333333,17.7945474460,14.5686634756,6.6623435199,0.3111413973,1,miao_yao
road (path),HMONG_NJUA,ke,1,XIANGXI_HMONG,k3,1,1.9119618721,0.0226510067,3.7875509816,2.1722763134,0.7757756101,2.3333333333,14.0202957123,14.0599213725,5.8200843388,0.3111413973,1,miao_yao
road (path),HMONG_NJUA,ke,1,YAO,tTau,1,-7.1048498020,0.5142610199,0.6650243216,1.6225418843,0.4839939839,2.3333333333,16.5739998280,33.8044582454,0.0000000000,0.3111413973,1,miao_yao
road (path),HMU,ki,1,SHE_CHINA,ka,1,-0.0488087118,0.0409252669,3.1960076340,1.8617727617,0.6215291315,2.3333333333,16.7806124448,14.5686634756,6.6623435199,0.3111413973,1,miao_yao
road (path),HMU,ki,1,XIANGXI_HMONG,k3,1,1.4933945580,0.0380293863,3.2693960933,2.6482712019,0.9739070505,2.3333333333,18.0780930366,14.0599213725,5.8200843388,0.3111413973,1,miao_yao
road (path),HMU,ki,1,YAO,tTau,1,-7.0079521356,0.4893238434,0.7147307522,1.4316038006,0.3587953547,2.3333333333,16.1335576075,33.8044582454,0.0000000000,0.3111413973,1,miao_yao
road (path),SHE_CHINA,ka,1,XIANGXI_HMONG,k3,1,2.4451554378,0.0164075993,4.1100106790,1.9779037438,0.6820375686,2.3333333333,15.8592393100,14.0599213725,5.8200843388,0.3111413973,1,miao_yao
road (path),SHE_CHINA,ka,1,YAO,tTau,1,-4.1770017680,0.2224199288,1.5031881126,1.7465279216,0.5576297723,2.3333333333,13.8963371793,33.8044582454,2.1506274308,0.3111413973,1,miao_yao
road (path),XIANGXI_HMONG,k3,1,YAO,tTau,1,-6.1199839556,0.3825561313,0.9608798881,1.3873368046,0.3273859414,2.3333333333,19.2722871785,33.8044582454,0.0000000000,0.3111413973,1,miao_yao
person,BUNU,nu,1,HMONG_NJUA,nen,1,-2.8109077336,0.2079934747,1.5702485713,2.4091249882,0.8792636061,2.3333333333,13.9884467333,22.8251208729,5.2509319708,0.1070316136,1,miao_yao
person,BUNU,nu,1,HMU,nE,1,-0.6939773125,0.0705289673,2.6517317705,2.0381907471,0.7120625257,2.3333333333,13.9884467333,15.3019054374,7.8805919844,0.1070316136,1,miao_yao
person,BUNU,nu,1,SHE_CHINA,ne,1,-0.3178798113,0.0629722922,2.7650604558,1.3750164021,0.3184656598,2.3333333333,13.9884467333,16.4854783150,3.6082120207,0.1070316136,1,miao_yao
person,BUNU,nu,1,XIANGXI_HMONG,ne,1,-0.3178798113,0.0399673736,3.2196918184,1.8598904808,0.6205176047,2.3333333333,13.9884467333,15.6310343471,9.3589846846,0.1070316136,1,miao_yao
person,BUNU,nu,1,YAO,my~en,1,-4.3260254134,0.2183039463,1.5218669383,1.5801740653,0.4575350089,2.3333333333,13.9884467333,35.4121505079,5.7590439443,0.1070316136,1,miao_yao
person,HMONG_NJUA,nen,1,HMU,nE,1,0.1839764787,0.0509499136,2.9769122142,2.2160651411,0.7957331643,2.3333333333,24.8090879071,15.3019054374,14.6332835565,0.1070316136,1,miao_yao
person,HMONG_NJUA,nen,1,SHE_CHINA,ne,1,1.9974642722,0.0276338515,3.5887137553,1.7527489105,0.5611853615,2.3333333333,24.4387527039,16.4854783150,15.5009932466,0.1070316136,1,miao_yao
person,HMONG_NJUA,nen,1,XIANGXI_HMONG,ne,1,1.9974642722,0.0209731544,3.8645120228,2.1722763134,0.7757756101,2.3333333333,25.6618573207,15.6310343471,14.9848561117,0.1070316136,1,miao_yao
person,HMONG_NJUA,nen,1,YAO,my~en,1,2.1803468734,0.0190146932,3.9625432738,1.6225418843,0.4839939839,2.3333333333,24.1480398522,35.4121505079,12.9609246770,0.1070316136,1,miao_yao
person,HMU,nE,1,SHE_CHINA,ne,1,2.6770044010,0.0062277580,5.0787388814,1.8617727617,0.6215291315,2.3333333333,16.4854783150,16.4854783150,16.4854783150,0.1070316136,1,miao_yao
person,HMU,nE,1,XIANGXI_HMONG,ne,1,2.6770044010,0.0190146932,3.9625432738,2.6482712019,0.9739070505,2.3333333333,15.6310343471,15.6310343471,15.6310343471,0.1070316136,1,miao_yao
person,HMU,nE,1,YAO,my~en,1,-4.3260254134,0.2197508897,1.5152606938,1.4316038006,0.3587953547,2.3333333333,15.3261868879,35.4121505079,6.8358757306,0.1070316136,1,miao_yao
person,SHE_CHINA,ne,1,XIANGXI_HMONG,ne,1,4.4904921944,0.0034542314,5.6681552970,1.9779037438,0.6820375686,2.3333333333,15.6310343471,15.6310343471,15.6310343471,0.1070316136,1,miao_yao
person,SHE_CHINA,ne,1,YAO,my~en,1,-2.6784431361,0.1316725979,2.0274367567,1.7465279216,0.5576297723,2.3333333333,15.3261868879,35.4121505079,6.8358757306,0.1070316136,1,miao_yao
person,XIANGXI_HMONG,ne,1,YAO,my~en,1,-2.6784431361,0.1027633851,2.2753261650,1.3873368046,0.3273859414,2.3333333333,15.3261868879,35.4121505079,6.8358757306,0.1070316136,1,miao_yao
skin,BUNU,katlau,3,HMONG_NJUA,teu,1,-0.7377301801,0.0970636215,2.3323886234,2.4091249882,0.8792636061,3.6666666667,49.8170155065,22.7871366064,0.0000000000,0.0009102950,0,miao_yao
skin,BUNU,katlau,3,HMU,qatu,1,5.5969697384,0.0025188917,5.9839362807,2.0381907471,0.7120625257,3.6666666667,49.8170155065,36.4548205989,18.2454667849,0.0009102950,0,miao_yao
skin,BUNU,katlau,3,SHE_CHINA,kh~3,3,-5.1650674530,0.3929471033,0.9340802734,1.3750164021,0.3184656598,3.6666666667,49.8170155065,30.9790736548,0.0000000000,0.0009102950,1,miao_yao
skin,BUNU,katlau,3,XIANGXI_HMONG,qoTo,2,-3.2751266495,0.1884176183,1.6690944060,1.8598904808,0.6205176047,3.6666666667,49.8170155065,32.0591845998,5.4928406098,0.0009102950,0,miao_yao
skin,BUNU,katlau,3,YAO,dop,4,-8.9661446242,0.6557514694,0.4219734195,1.5801740653,0.4575350089,3.6666666667,49.8170155065,23.2782053480,0.0000000000,0.0009102950,0,miao_yao
skin,HMONG_NJUA,teu,1,HMU,qatu,1,0.1335363286,0.0544041451,2.9113149317,2.2160651411,0.7957331643,3.6666666667,26.8800483011,36.4548205989,3.7093293334,0.0009102950,1,miao_yao
skin,HMONG_NJUA,teu,1,SHE_CHINA,kh~3,3,-4.4142522994,0.3316062176,1.1038071055,1.7527489105,0.5611853615,3.6666666667,28.4362000888,30.9790736548,0.0000000000,0.0009102950,0,miao_yao
skin,HMONG_NJUA,teu,1,XIANGXI_HMONG,qoTo,2,-4.6071257838,0.3959731544,0.9264088620,2.1722763134,0.7757756101,3.6666666667,24.4950331497,32.0591845998,0.0000000000,0.0009102950,0,miao_yao
skin,HMONG_NJUA,teu,1,YAO,dop,4,-4.8451358020,0.3059636992,1.1842888141,1.6225418843,0.4839939839,3.6666666667,23.7051982511,23.2782053480,3.1698690074,0.0009102950,0,miao_yao
skin,HMU,qatu,1,SHE_CHINA,kh~3,3,-3.5229033909,0.1895017794,1.6633568647,1.8617727617,0.6215291315,3.6666666667,37.2199279730,30.9790736548,1.0317358659,0.0009102950,0,miao_yao
skin,HMU,qatu,1,XIANGXI_HMONG,qoTo,2,5.3013437349,0.0077787381,4.8563611499,2.6482712019,0.9739070505,3.6666666667,36.3809668087,32.0591845998,3.9408990467,0.0009102950,0,miao_yao
skin,HMU,qatu,1,YAO,dop,4,-6.5508674582,0.4323843416,0.8384404066,1.4316038006,0.3587953547,3.6666666667,34.3722543193,23.2782053480,0.0000000000,0.0009102950,0,miao_yao
skin,SHE_CHINA,kh~3,3,XIANGXI_HMONG,qoTo,2,-3.6761875237,0.2107081174,1.5572814328,1.9779037438,0.6820375686,3.6666666667,29.0689073304,32.0591845998,0.2284988748,0.0009102950,0,miao_yao
skin,SHE_CHINA,kh~3,3,YAO,dop,4,-8.0990163038,0.6076512456,0.4981541709,1.7465279216,0.5576297723,3.6666666667,31.4825151790,23.2782053480,0.0000000000,0.0009102950,0,miao_yao
skin,XIANGXI_HMONG,qoTo,2,YAO,dop,4,-4.7276913984,0.2504317789,1.3845687352,1.3873368046,0.3273859414,3.6666666667,33.8138263156,23.2782053480,2.8553058689,0.0009102950,0,miao_yao
stone,BUNU,faxe,1,HMONG_NJUA,ze,1,-4.4109483206,0.3409461664,1.0760306840,2.4091249882,0.8792636061,3.6666666667,40.0026135711,17.6994000656,3.9428243775,0.0248019416,1,miao_yao
stone,BUNU,faxe,1,HMU,xi,1,-0.6607660535,0.0663308144,2.7131007169,2.0381907471,0.7120625257,3.6666666667,40.0026135711,20.2241845303,4.1942334140,0.0248019416,1,miao_yao
stone,BUNU,faxe,1,SHE_CHINA,Nako,1,-4.5368961361,0.3282955500,1.1138410094,1.3750164021,0.3184656598,3.6666666667,40.0026135711,32.2664046369,0.0000000000,0.0248019416,1,miao_yao
stone,BUNU,faxe,1,XIANGXI_HMONG,qoz3,1,-7.4162603759,0.5970636215,0.5157316025,1.8598904808,0.6205176047,3.6666666667,40.0026135711,30.7117035595,2.0302925921,0.0248019416,1,miao_yao
stone,BUNU,faxe,1,YAO,laipy~ei,2,-8.5271896277,0.6036943745,0.5046872116,1.5801740653,0.4575350089,3.6666666667,40.0026135711,58.9650462836,0.0000000000,0.0248019416,0,miao_yao
stone,HMONG_NJUA,ze,1,HMU,xi,1,-2.8082718411,0.1761658031,1.7363296643,2.2160651411,0.7957331643,3.6666666667,17.4207189677,20.2241845303,0.0000000000,0.0248019416,1,miao_yao
stone,HMONG_NJUA,ze,1,SHE_CHINA,Nako,1,-9.5157521269,0.8333333333,0.1823215568,1.7527489105,0.5611853615,3.6666666667,21.5157391858,32.2664046369,0.0000000000,0.0248019416,1,miao_yao
stone,HMONG_NJUA,ze,1,XIANGXI_HMONG,qoz3,1,-0.1976127141,0.0662751678,2.7139399952,2.1722763134,0.7757756101,3.6666666667,20.0513759569,30.7117035595,0.0000000000,0.0248019416,1,miao_yao
stone,HMONG_NJUA,ze,1,YAO,laipy~ei,2,-7.0421335600,0.5116681072,0.6700790923,1.6225418843,0.4839939839,3.6666666667,18.8653418591,58.9650462836,3.3885716446,0.0248019416,0,miao_yao
stone,HMU,xi,1,SHE_CHINA,Nako,1,-6.9926113793,0.5587188612,0.5821088640,1.8617727617,0.6215291315,3.6666666667,22.0835352597,32.2664046369,0.0000000000,0.0248019416,1,miao_yao
stone,HMU,xi,1,XIANGXI_HMONG,qoz3,1,-3.6360681115,0.2480553155,1.3941035114,2.6482712019,0.9739070505,3.6666666667,23.8850827184,30.7117035595,0.0000000000,0.0248019416,1,miao_yao
stone,HMU,xi,1,YAO,laipy~ei,2,-6.8527270484,0.4688612100,0.7574484819,1.4316038006,0.3587953547,3.6666666667,20.9996394724,58.9650462836,0.2067026593,0.0248019416,0,miao_yao
stone,SHE_CHINA,Nako,1,XIANGXI_HMONG,qoz3,1,-5.7005575951,0.4369602763,0.8279129888,1.9779037438,0.6820375686,3.6666666667,36.8690284664,30.7117035595,5.9103093556,0.0248019416,1,miao_yao
stone,SHE_CHINA,Nako,1,YAO,laipy~ei,2,-9.8819822089,0.7838078292,0.2435914045,1.7465279216,0.5576297723,3.6666666667,32.0287795114,58.9650462836,0.0000000000,0.0248019416,0,miao_yao
stone,XIANGXI_HMONG,qoz3,1,YAO,laipy~ei,2,-11.5841588347,0.9041450777,0.1007654473,1.3873368046,0.3273859414,3.6666666667,41.0793011080,58.9650462836,0.0000000000,0.0248019416,0,miao_yao
tree,BUNU,nt~an,1,HMONG_NJUA,nt~on,1,4.1822839106,0.0057096248,5.1656019674,2.4091249882,0.8792636061,3.0000000000,35.6983627534,37.6476416445,16.7011663766,0.3650387166,1,miao_yao
tree,BUNU,nt~an,1,HMU,t3,1,-5.2577058015,0.3501259446,1.0494623476,2.0381907471,0.7120625257,3.0000000000,35.6983627534,20.4314593309,0.2633401009,0.3650387166,1,miao_yao
tree,BUNU,nt~an,1,SHE_CHINA,toN,1,-2.0736034855,0.1393786734,1.9705607810,1.3750164021,0.3184656598,3.0000000000,35.6983627534,26.3525561196,6.9946473284,0.3650387166,1,miao_yao
tree,BUNU,nt~an,1,XIANGXI_HMONG,qont~u,1,-4.2654036484,0.2569331158,1.3589394777,1.8598904808,0.6205176047,3.0000000000,35.6983627534,50.6823500763,10.8225225815,0.3650387166,1,miao_yao
tree,BUNU,nt~an,1,YAO,dy~aN,1,0.0498653153,0.0461796809,3.0752153841,1.5801740653,0.4575350089,3.0000000000,35.6983627534,33.6159141798,5.7590439443,0.3650387166,1,miao_yao
tree,HMONG_NJUA,nt~on,1,HMU,t3,1,-5.4109899344,0.4291882556,0.8458596320,2.2160651411,0.7957331643,3.0000000000,41.4197399078,20.4314593309,0.0000000000,0.3650387166,1,miao_yao
tree,HMONG_NJUA,nt~on,1,SHE_CHINA,toN,1,0.2587743779,0.0690846287,2.6724230235,1.7527489105,0.5611853615,3.0000000000,37.3443765449,26.3525561196,12.4342812087,0.3650387166,1,miao_yao
tree,HMONG_NJUA,nt~on,1,XIANGXI_HMONG,qont~u,1,-1.9330257850,0.1577181208,1.8469458848,2.1722763134,0.7757756101,3.0000000000,41.0827858538,50.6823500763,14.4940686764,0.3650387166,1,miao_yao
tree,HMONG_NJUA,nt~on,1,YAO,dy~aN,1,-2.5559564739,0.1426101988,1.9476402533,1.6225418843,0.4839939839,3.0000000000,38.3596146140,33.6159141798,6.8358757306,0.3650387166,1,miao_yao
tree,HMU,t3,1,SHE_CHINA,toN,1,0.9055770161,0.0275800712,3.5906618260,1.8617727617,0.6215291315,3.0000000000,21.2212025166,26.3525561196,9.6696002584,0.3650387166,1,miao_yao
tree,HMU,t3,1,XIANGXI_HMONG,qont~u,1,-5.7814793479,0.4606741573,0.7750643030,2.6482712019,0.9739070505,3.0000000000,14.9974292279,50.6823500763,0.0000000000,0.3650387166,1,miao_yao
tree,HMU,t3,1,YAO,dy~aN,1,-3.1300284183,0.1414590747,1.9557448282,1.4316038006,0.3587953547,3.0000000000,19.4937966634,33.6159141798,1.6645198030,0.3650387166,1,miao_yao
tree,SHE_CHINA,toN,1,XIANGXI_HMONG,qont~u,1,-0.8990113017,0.0509499136,2.9769122142,1.9779037438,0.6820375686,3.0000000000,24.8425604186,50.6823500763,4.0749599589,0.3650387166,1,miao_yao
tree,SHE_CHINA,toN,1,YAO,dy~aN,1,2.8638138587,0.0186832740,3.9801265927,1.7465279216,0.5576297723,3.0000000000,23.7974431699,33.6159141798,8.8544438898,0.3650387166,1,miao_yao
tree,XIANGXI_HMONG,qont~u,1,YAO,dy~aN,1,-5.9230001736,0.3670120898,1.0023604892,1.3873368046,0.3273859414,3.0000000000,49.1050373907,33.6159141798,0.0000000000,0.3650387166,1,miao_yao
blood,BUNU,nch$3n,1,HMONG_NJUA,nch$an,1,6.2330757054,0.0032626427,5.7252177554,2.4091249882,0.8792636061,2.6666666667,53.3667249784,48.8608159741,12.4479382719,0.6371228172,1,miao_yao
blood,BUNU,nch$3n,1,HMU,Th~n,1,1.1863751898,0.0285474391,3.5561880447,2.0381907471,0.7120625257,2.6666666667,53.3667249784,33.2654496137,4.3553360362,0.6371228172,1,miao_yao
blood,BUNU,nch$3n,1,SHE_CHINA,sy~i,1,-3.8889614776,0.2569269521,1.3589634674,1.3750164021,0.3184656598,2.6666666667,53.3667249784,33.3702107064,0.0000000000,0.6371228172,1,miao_yao
blood,BUNU,nch$3n,1,XIANGXI_HMONG,nt~ch~i,1,-2.0705031061,0.1068515498,2.2363147933,1.8598904808,0.6205176047,2.6666666667,53.3667249784,64.7159768684,5.5883331207,0.6371228172,1,miao_yao
blood,BUNU,nch$3n,1,YAO,cy~am,1,1.5571682971,0.0125944584,4.3744983683,1.5801740653,0.4575350089,2.6666666667,53.3667249784,39.4368258724,1.0585231630,0.6371228172,1,miao_yao
blood,HMONG_NJUA,nch$an,1,HMU,Th~n,1,1.1863751898,0.0276338515,3.5887137553,2.2160651411,0.7957331643,2.6666666667,49.6488798804,33.2654496137,13.0960512816,0.6371228172,1,miao_yao
blood,HMONG_NJUA,nch$an,1,SHE_CHINA,sy~i,1,-5.4311647473,0.4153713299,0.8785823880,1.7527489105,0.5611853615,2.6666666667,45.8156638671,33.3702107064,0.0000000000,0.6371228172,1,miao_yao
blood,HMONG_NJUA,nch$an,1,XIANGXI_HMONG,nt~ch~i,1,-3.6127063759,0.2877516779,1.2456574005,2.1722763134,0.7757756101,2.6666666667,55.7338774390,64.7159768684,28.2972328275,0.6371228172,1,miao_yao
blood,HMONG_NJUA,nch$an,1,YAO,cy~am,1,3.8517175971,0.0051858254,5.2618262580,1.6225418843,0.4839939839,2.6666666667,49.1354714626,39.4368258724,14.2435571713,0.6371228172,1,miao_yao
blood,HMU,Th~n,1,SHE_CHINA,sy~i,1,-7.3321294832,0.5889679715,0.5293834745,1.8617727617,0.6215291315,2.6666666667,30.6711339310,33.3702107064,0.0000000000,0.6371228172,1,miao_yao
blood,HMU,Th~n,1,XIANGXI_HMONG,nt~ch~i,1,-4.3260254134,0.3007778738,1.2013832474,2.6482712019,0.9739070505,2.6666666667,38.2638994942,64.7159768684,8.0745889941,0.6371228172,1,miao_yao
blood,HMU,Th~n,1,YAO,cy~am,1,-3.4895322185,0.1628113879,1.8151628776,1.4316038006,0.3587953547,2.6666666667,31.5904308481,39.4368258724,0.0000000000,0.6371228172,1,miao_yao
blood,SHE_CHINA,sy~i,1,XIANGXI_HMONG,nt~ch~i,1,-0.6296357685,0.0466321244,3.0654656116,1.9779037438,0.6820375686,2.6666666667,39.6761679369,64.7159768684,9.7946534781,0.6371228172,1,miao_yao
blood,SHE_CHINA,sy~i,1,YAO,cy~am,1,-5.4311647473,0.3460854093,1.0610696868,1.7465279216,0.5576297723,2.6666666667,30.5981898155,39.4368258724,8.2412893538,0.6371228172,1,miao_yao
blood,XIANGXI_HMONG,nt~ch~i,1,YAO,cy~am,1,-3.6127063759,0.1753022453,1.7412436791,1.3873368046,0.3273859414,2.6666666667,58.3616262258,39.4368258724,9.5776305104,0.6371228172,1,miao_yao
water,BUNU,an,1,HMONG_NJUA,tle,2,-7.5630540094,0.6525285481,0.4269003888,2.4091249882,0.8792636061,2.5000000000,13.3445286610,26.4946823316,0.0000000000,0.4245957535,0,miao_yao
water,BUNU,an,1,SHE_CHINA,oN,1,0.4531066190,0.0428211587,3.1507229366,1.3750164021,0.3184656598,2.5000000000,13.3445286610,14.3829558612,9.9605738456,0.4245957535,1,miao_yao
water,BUNU,an,1,YAO,wam,1,-2.7465917180,0.1452560873,1.9292569749,1.5801740653,0.4575350089,2.5000000000,13.3445286610,28.2565444541,0.0000000000,0.4245957535,1,miao_yao
water,HMONG_NJUA,tle,2,SHE_CHINA,oN,1,-8.1543702642,0.7184801382,0.3306172173,1.7527489105,0.5611853615,2.5000000000,32.3198021848,14.3829558612,0.0000000000,0.4245957535,0,miao_yao
water,HMONG_NJUA,tle,2,YAO,wam,1,-8.7908450593,0.6897147796,0.3714771297,1.6225418843,0.4839939839,2.5000000000,26.3602679297,28.2565444541,0.0000000000,0.4245957535,0,miao_yao
water,SHE_CHINA,oN,1,YAO,wam,1,-3.9395761231,0.2117437722,1.5523783568,1.7465279216,0.5576297723,2.5000000000,15.2885820980,28.2565444541,0.0000000000,0.4245957535,1,miao_yao
